Plant_ID,2022_red,2022_yellow,2022_venation,2022_colour,2021_red,2021_yellow,2021_venation,2021_colour,2020_red,2020_yellow,2020_venation,2020_colour,2019_red,2019_yellow,2019_venation,2019_colour,2018_red,2018_yellow,2018_venation,2018_colour,2017_red,2017_yellow,2017_venation,2017_colour,2016_red,2016_yellow,2016_venation,2016_colour,2015_red,2015_yellow,2015_venation,2015_colour
pa0212,,,,,0.5,2.5,2.5,Ye,0.5,2.5,3.5,Ye,,,,,,,,,,,,,,,,,,,,
pa0212,,,,,0.5,2.5,2.5,Ye,0.5,2.5,3.5,Ye,,,,,,,,,,,,,,,,,,,,
pa0283,,,,,,,,,3.5,2,1,FO,,,,,,,,,,,,,,,,,,,,
pa0291,,,,,3,2.5,3,FO,3,1.5,3,FR,,,,,,,,,,,,,,,,,,,,
pa0299,,,,,4,1,3,FR,3.5,1,3,FR,,,,,,,,,,,,,,,,,,,,
pa0323,,,,,4,1.5,3.5,FR,,,,,,,,,,,,,,,,,,,,,,,,
pa0330,,,,,1.5,2,2.5,WO,,,,,,,,,,,,,,,,,,,,,,,,
pa0333,,,,,0.5,2,1,Ye,,,,,,,,,,,,,,,,,,,,,,,,
pa0341,0.5,2.5,1,Ye,,,,,0.5,2.5,2.5,Ye,,,,,,,,,,,,,,,,,,,,
pa0343,,,,,3.5,1,3,FR,,,,,,,,,,,,,,,,,,,,,,,,
pa0344,,,,,2,2.5,3,WO,2.5,2.5,2,WO,,,,,,,,,,,,,,,,,,,,
pa0349,,,,,0.5,2.5,1.5,Ye,,,,,,,,,,,,,,,,,,,,,,,,
pa0350,,,,,0.5,1,3,Wh,0.5,1,1.5,Wh,,,,,,,,,,,,,,,,,,,,
pa0356,,,,,1.5,1,1.5,WR,1.5,1,1,WR,,,,,,,,,,,,,,,,,,,,
pa0447,,,,,1.5,1,2,WR,2.5,1,2,WR,,,,,,,,,,,,,,,,,,,,
pa0448,,,,,0.5,2.5,1,Ye,0.5,2.5,1,Ye,,,,,,,,,,,,,,,,,,,,
pa0460,,,,,2.5,2.5,2,WO,2,2,2,WO,,,,,,,,,,,,,,,,,,,,
pa0666,,,,,0.5,3,1.5,Ye,1.5,3,1.5,WO,,,,,,,,,,,,,,,,,,,,
pa0760,,,,,4,2.5,3.5,FO,4,2.5,3.5,FO,,,,,,,,,,,,,,,,,,,,
pa0981,,,,,0.5,1,1.5,Wh,1.5,1.5,2.5,WR,,,,,,,,,,,,,,,,,,,,
pa0986,,,,,3.5,1,3.5,FR,3.5,1.5,3,FR,,,,,,,,,,,,,,,,,,,,
pa0994,,,,,2,1,2.5,WR,2.5,1.5,2,WR,,,,,,,,,,,,,,,,,,,,
pa0998,,,,,2,1,2,WR,2.5,1.5,2,WR,,,,,,,,,,,,,,,,,,,,
pa0999,,,,,1,0.5,1.5,Wh,1.5,1.5,1.5,WR,,,,,,,,,,,,,,,,,,,,
pa1148,,,,,,,,,2.5,1,2,WR,,,,,,,,,,,,,,,,,,,,
pa1168,,,,,4,0.5,3.5,FR,,,,,,,,,,,,,,,,,,,,,,,,
pa1179,,,,,0.5,0.5,,Wh,1.5,1.5,1,WR,,,,,,,,,,,,,,,,,,,,
pa1282,,,,,3.5,0.5,3,FR,3,1,3,FR,,,,,,,,,,,,,,,,,,,,
pa1291,,,,,4,1,4,FR,3.5,1,4,FR,,,,,,,,,,,,,,,,,,,,
pa1308,,,,,3,0.5,3.5,FR,3.5,1,3,FR,,,,,,,,,,,,,,,,,,,,
pa1321,,,,,0.5,2,3,Ye,0.5,1.5,2.5,Wh,,,,,,,,,,,,,,,,,,,,
pa1499,,,,,,,,,0.5,3,2.5,Ye,,,,,,,,,,,,,,,,,,,,
pa1799,,,,,0.5,2.5,1.5,Ye,1.5,2.5,1.5,WO,,,,,,,,,,,,,,,,,,,,
pa1849,,,,,,,,,3,2.5,3.5,FO,,,,,,,,,,,,,,,,,,,,
pa1851,,,,,1.5,2,2.5,WO,1.5,2,2.5,WO,,,,,,,,,,,,,,,,,,,,
pa1852,,,,,3.5,1.5,3,FR,1.5,1.5,1,WR,,,,,,,,,,,,,,,,,,,,
pa1854,,,,,4,0.5,3,FR,4,1,3.5,FR,,,,,,,,,,,,,,,,,,,,
pa1858,,,,,4,1,3,FR,3.5,1,1,FR,,,,,,,,,,,,,,,,,,,,
pa1896,,,,,3,1.5,3.5,FR,3.5,2,3.5,FO,,,,,,,,,,,,,,,,,,,,
pa1904,,,,,4,0.5,3.5,FR,4,1,3,FR,,,,,,,,,,,,,,,,,,,,
pa1912,,,,,4,0.5,3.5,FR,3,1,1,FR,,,,,,,,,,,,,,,,,,,,
pa1943,,,,,4,1,3.5,FR,3,1,3,FR,,,,,,,,,,,,,,,,,,,,
pa1945,,,,,4,1,3.5,FR,3.5,1,3,FR,,,,,,,,,,,,,,,,,,,,
pa2382,,,,,,,,,,,,,,,,,,,,,,,,,,,,,,,,
pa2386,,,,,,,,,4.5,1,3.5,FR,,,,,,,,,,,,,,,,,,,,
pa2389,,,,,1.5,0.5,2.5,WR,,,,,,,,,,,,,,,,,,,,,,,,
pa2393,,,,,,,,,1.5,1,1,WR,,,,,,,,,,,,,,,,,,,,
pa2395,,,,,3.5,0.5,3.5,FR,4,1,3,FR,,,,,,,,,,,,,,,,,,,,
pa2399,,,,,,,,,4,1,3.5,FR,,,,,,,,,,,,,,,,,,,,
pa2400,,,,,3.5,2,3.5,FO,3.5,2,4,FO,,,,,,,,,,,,,,,,,,,,
pa2417,,,,,4,1,3.5,FR,4,1,3.5,FR,,,,,,,,,,,,,,,,,,,,
pa2468,,,,,0.5,0.5,2.5,Wh,,,,,,,,,,,,,,,,,,,,,,,,
pa2472,,,,,0.5,2.5,2,Ye,,,,,,,,,,,,,,,,,,,,,,,,
pa2472,,,,,1.5,2.5,2,WO,,,,,,,,,,,,,,,,,,,,,,,,
pa2477,,,,,1.5,2.5,2.5,WO,,,,,,,,,,,,,,,,,,,,,,,,
pa2478,,,,,4,2.5,3.5,FO,,,,,,,,,,,,,,,,,,,,,,,,
pa2483,,,,,0.5,1.5,3,Wh,,,,,,,,,,,,,,,,,,,,,,,,
pa2484,,,,,2,2.5,3.5,WO,,,,,,,,,,,,,,,,,,,,,,,,
pa2485,,,,,2,2,0.5,WO,,,,,,,,,,,,,,,,,,,,,,,,
pa2486,,,,,2,1.5,3.5,WR,,,,,,,,,,,,,,,,,,,,,,,,
pa2495,,,,,1.5,2.5,3.5,WO,,,,,,,,,,,,,,,,,,,,,,,,
pa2499,,,,,2.5,2.5,3.5,WO,,,,,,,,,,,,,,,,,,,,,,,,
pa2514,,,,,0.5,1,1,Wh,,,,,,,,,,,,,,,,,,,,,,,,
pa2520,,,,,0.5,2.5,2.5,Ye,,,,,,,,,,,,,,,,,,,,,,,,
pa2530,,,,,0.5,2.5,1.5,Ye,,,,,,,,,,,,,,,,,,,,,,,,
pb0001,,,,,2.5,0.5,4,WR,,,,,,,,,,,,,,,,,,,,,,,,
pb0002,,,,,0.5,1,1,Wh,,,,,,,,,,,,,,,,,,,,,,,,
pb0003,,,,,4,0.5,3,FR,,,,,,,,,,,,,,,,,,,,,,,,
pb0004,,,,,,,,,,,,,,,,,,,,,,,,,,,,,,,,
pb0005,,,,,3.5,1,3.5,FR,,,,,,,,,,,,,,,,,,,,,,,,
pb0006,,,,,3.5,0.5,3,FR,,,,,,,,,,,,,,,,,,,,,,,,
pb0007,,,,,,,,,,,,,,,,,,,,,,,,,,,,,,,,
pb0008,,,,,,,,,,,,,,,,,,,,,,,,,,,,,,,,
pb0009,,,,,1.5,2,2,WO,,,,,,,,,,,,,,,,,,,,,,,,
pb0010,,,,,2,1.5,3.5,WR,,,,,,,,,,,,,,,,,,,,,,,,
pb0011,,,,,4,0.5,3,FR,,,,,,,,,,,,,,,,,,,,,,,,
pb0012,,,,,2,2,3.5,WO,,,,,,,,,,,,,,,,,,,,,,,,
pb0013,,,,,4,2.5,3,FO,,,,,,,,,,,,,,,,,,,,,,,,
pb0014,,,,,3,2.5,3.5,FO,,,,,,,,,,,,,,,,,,,,,,,,
pb0015,,,,,3.5,0.5,3,FR,,,,,,,,,,,,,,,,,,,,,,,,
pb0016,,,,,2,2.5,3.5,WO,,,,,,,,,,,,,,,,,,,,,,,,
pb0017,,,,,2,1.5,3,WR,,,,,,,,,,,,,,,,,,,,,,,,
pb0018,,,,,,,,,,,,,,,,,,,,,,,,,,,,,,,,
pb0019,,,,,0.5,2.5,2.5,Ye,,,,,,,,,,,,,,,,,,,,,,,,
pb0020,,,,,2.5,1,3,WR,,,,,,,,,,,,,,,,,,,,,,,,
pb0021,,,,,2,0.5,1.5,WR,,,,,,,,,,,,,,,,,,,,,,,,
pb0022,3,1,3.5,FR,,,,,,,,,,,,,,,,,,,,,,,,,,,,
pb0023,,,,,,,,,,,,,,,,,,,,,,,,,,,,,,,,
pb0024,,,,,4,1,3.5,FR,,,,,,,,,,,,,,,,,,,,,,,,
pb0025,,,,,,,,,,,,,,,,,,,,,,,,,,,,,,,,
pb0026,,,,,3,1,1.6,FR,,,,,,,,,,,,,,,,,,,,,,,,
pb0027,,,,,3,1,3.5,FR,,,,,,,,,,,,,,,,,,,,,,,,
pb0028,,,,,1.5,1,3,WR,,,,,,,,,,,,,,,,,,,,,,,,
pb0029,,,,,3,1,3.5,FR,,,,,,,,,,,,,,,,,,,,,,,,
pb0030,,,,,2,2.5,3.5,WO,,,,,,,,,,,,,,,,,,,,,,,,
pb0031,,,,,0.5,2.5,3,Ye,,,,,,,,,,,,,,,,,,,,,,,,
pb0032,,,,,3.5,0.5,3,FR,,,,,,,,,,,,,,,,,,,,,,,,
pb0033,,,,,3.5,1.5,3.5,FR,,,,,,,,,,,,,,,,,,,,,,,,
pb0034,,,,,2.5,2.5,1.5,WO,,,,,,,,,,,,,,,,,,,,,,,,
pb0035,3.5,1,3,FR,,,,,,,,,,,,,,,,,,,,,,,,,,,,
pb0036,,,,,2,1,4,WR,,,,,,,,,,,,,,,,,,,,,,,,
pb0037,,,,,2.5,0.5,1.5,WR,,,,,,,,,,,,,,,,,,,,,,,,
pb0038,,,,,,,,,,,,,,,,,,,,,,,,,,,,,,,,
pb0039,,,,,4,1.5,3.5,FR,,,,,,,,,,,,,,,,,,,,,,,,
pb0040,,,,,4,1,3.5,FR,,,,,,,,,,,,,,,,,,,,,,,,
pb0041,,,,,3.5,2.5,3,FO,,,,,,,,,,,,,,,,,,,,,,,,
pb0042,,,,,2,2.5,3,WO,,,,,,,,,,,,,,,,,,,,,,,,
pb0043,2,1,0.5,WR,,,,,,,,,,,,,,,,,,,,,,,,,,,,
pb0044,,,,,3.5,1,3,FR,,,,,,,,,,,,,,,,,,,,,,,,
pb0045,,,,,4,0.5,3.5,FR,,,,,,,,,,,,,,,,,,,,,,,,
pb0046,,,,,3.5,1.5,3.5,FR,,,,,,,,,,,,,,,,,,,,,,,,
pb0047,,,,,,,,,,,,,,,,,,,,,,,,,,,,,,,,
pb0048,,,,,,,,,,,,,,,,,,,,,,,,,,,,,,,,
pb0049,,,,,,,,,,,,,,,,,,,,,,,,,,,,,,,,
pb0051,,,,,3,1,3,FR,,,,,,,,,,,,,,,,,,,,,,,,
pb0052,,,,,3.5,1,3.5,FR,,,,,,,,,,,,,,,,,,,,,,,,
pb0053,,,,,0.5,1,1.5,Wh,,,,,,,,,,,,,,,,,,,,,,,,
pb0054,,,,,3.5,2,4,FO,,,,,,,,,,,,,,,,,,,,,,,,
pb0055,,,,,,,,,,,,,,,,,,,,,,,,,,,,,,,,
pb0056,,,,,1,2,2,Ye,,,,,,,,,,,,,,,,,,,,,,,,
pb0057,,,,,3.5,1,3.5,FR,,,,,,,,,,,,,,,,,,,,,,,,
pb0058,,,,,4.5,1,3.5,FR,,,,,,,,,,,,,,,,,,,,,,,,
pb0059,,,,,2.5,2.5,1,WO,,,,,,,,,,,,,,,,,,,,,,,,
pb0060,,,,,1.5,1,1.5,WR,,,,,,,,,,,,,,,,,,,,,,,,
pb0061,,,,,,,,,,,,,,,,,,,,,,,,,,,,,,,,
pb0062,,,,,4,1,3.5,FR,,,,,,,,,,,,,,,,,,,,,,,,
pb0062,,,,,4.5,0.5,3.5,FR,,,,,,,,,,,,,,,,,,,,,,,,
pb0063,,,,,0.5,1.5,2,Wh,,,,,,,,,,,,,,,,,,,,,,,,
pb0064,,,,,1.5,2.5,3.5,WO,,,,,,,,,,,,,,,,,,,,,,,,
pb0065,,,,,4,0.5,4,FR,,,,,,,,,,,,,,,,,,,,,,,,
pb0066,3.5,1,3.5,FR,,,,,,,,,,,,,,,,,,,,,,,,,,,,
pb0067,,,,,0.5,1,1.5,Wh,,,,,,,,,,,,,,,,,,,,,,,,
pb0068,,,,,2,0.5,3.5,WR,,,,,,,,,,,,,,,,,,,,,,,,
pb0069,,,,,4,2,3,FO,,,,,,,,,,,,,,,,,,,,,,,,
pb0070,0.5,2.5,2,Ye,,,,,,,,,,,,,,,,,,,,,,,,,,,,
pb0071,,,,,2,1,3,WR,,,,,,,,,,,,,,,,,,,,,,,,
pb0072,,,,,2,1,3.5,WR,,,,,,,,,,,,,,,,,,,,,,,,
pb0073,,,,,4,1,3,FR,,,,,,,,,,,,,,,,,,,,,,,,
pb0074,,,,,2,2.5,3.5,WO,,,,,,,,,,,,,,,,,,,,,,,,
pb0075,,,,,3,0.5,2.5,FR,,,,,,,,,,,,,,,,,,,,,,,,
pb0076,,,,,1.5,2.5,3.5,WO,,,,,,,,,,,,,,,,,,,,,,,,
pb0077,,,,,,,,,,,,,,,,,,,,,,,,,,,,,,,,
pb0078,,,,,4,1,3,FR,,,,,,,,,,,,,,,,,,,,,,,,
pb0079,,,,,4,1,3,FR,,,,,,,,,,,,,,,,,,,,,,,,
pb0079,,,,,3,2.5,1,FO,,,,,,,,,,,,,,,,,,,,,,,,
pb0080,,,,,3.5,1,3.5,FR,,,,,,,,,,,,,,,,,,,,,,,,
pb0081,,,,,4,1,3.5,FR,,,,,,,,,,,,,,,,,,,,,,,,
pb0082,,,,,2.5,1,3.5,WR,,,,,,,,,,,,,,,,,,,,,,,,
pb0083,,,,,3,1,4,FR,,,,,,,,,,,,,,,,,,,,,,,,
pb0084,,,,,4,2.5,3.5,FO,,,,,,,,,,,,,,,,,,,,,,,,
pb0085,,,,,3,1,3.5,FR,,,,,,,,,,,,,,,,,,,,,,,,
pb0086,,,,,0.5,1,1,Wh,,,,,,,,,,,,,,,,,,,,,,,,
pb0087,,,,,1.5,2.5,4,WO,,,,,,,,,,,,,,,,,,,,,,,,
pb0088,,,,,1.5,2,3,WO,,,,,,,,,,,,,,,,,,,,,,,,
pb0089,,,,,2,2.5,1,WO,,,,,,,,,,,,,,,,,,,,,,,,
pb0090,,,,,,,,,,,,,,,,,,,,,,,,,,,,,,,,
pb0091,,,,,,,,,,,,,,,,,,,,,,,,,,,,,,,,
pb0092,,,,,4,0.5,3,FR,,,,,,,,,,,,,,,,,,,,,,,,
pb0093,,,,,4,1,3.5,FR,,,,,,,,,,,,,,,,,,,,,,,,
pb0094,,,,,1,2,3.5,Ye,,,,,,,,,,,,,,,,,,,,,,,,
pb0095,,,,,3,1,2.5,FR,,,,,,,,,,,,,,,,,,,,,,,,
pb0096,,,,,4,2.5,3,FO,,,,,,,,,,,,,,,,,,,,,,,,
pb0097,,,,,1,2.5,1.5,Ye,,,,,,,,,,,,,,,,,,,,,,,,
pb0098,,,,,,,,,,,,,,,,,,,,,,,,,,,,,,,,
pb0099,,,,,0.5,2.5,2.5,Ye,,,,,,,,,,,,,,,,,,,,,,,,
pb0100,,,,,2,2.5,3,WO,,,,,,,,,,,,,,,,,,,,,,,,
pb0101,,,,,,,,,,,,,,,,,,,,,,,,,,,,,,,,
pb0102,,,,,,,,,,,,,,,,,,,,,,,,,,,,,,,,
pb0103,,,,,0.5,2.5,1.5,Ye,,,,,,,,,,,,,,,,,,,,,,,,
pb0104,,,,,3.5,2.5,3.5,FO,,,,,,,,,,,,,,,,,,,,,,,,
pb0105,,,,,4,2.5,3,FO,,,,,,,,,,,,,,,,,,,,,,,,
pb0106,,,,,,,,,,,,,,,,,,,,,,,,,,,,,,,,
pb0107,,,,,1,2.5,1.5,Ye,,,,,,,,,,,,,,,,,,,,,,,,
pb0108,,,,,2,1,1.5,WR,,,,,,,,,,,,,,,,,,,,,,,,
pb0109,,,,,3,1,2.5,FR,,,,,,,,,,,,,,,,,,,,,,,,
pb0109,,,,,1.5,1,1.5,WR,,,,,,,,,,,,,,,,,,,,,,,,
pb0110,,,,,2,1,3.5,WR,,,,,,,,,,,,,,,,,,,,,,,,
pb0111,,,,,,,,,,,,,,,,,,,,,,,,,,,,,,,,
pb0112,,,,,2.5,2,4,WO,,,,,,,,,,,,,,,,,,,,,,,,
pb0113,,,,,2.5,1,4,WR,,,,,,,,,,,,,,,,,,,,,,,,
pb0114,1.5,1,2.5,WR,,,,,,,,,,,,,,,,,,,,,,,,,,,,
pb0115,,,,,,,,,,,,,,,,,,,,,,,,,,,,,,,,
pb0116,,,,,3,1,3.5,FR,,,,,,,,,,,,,,,,,,,,,,,,
pb0117,,,,,,,,,,,,,,,,,,,,,,,,,,,,,,,,
pb0118,,,,,1.5,1,2,WR,,,,,,,,,,,,,,,,,,,,,,,,
pb0119,,,,,,,,,,,,,,,,,,,,,,,,,,,,,,,,
pb0120,,,,,,,,,,,,,,,,,,,,,,,,,,,,,,,,
pb0121,,,,,1.5,1,1.5,WR,,,,,,,,,,,,,,,,,,,,,,,,
pb0122,,,,,0.5,0.5,2,Wh,,,,,,,,,,,,,,,,,,,,,,,,
pb0123,,,,,,,,,,,,,,,,,,,,,,,,,,,,,,,,
pb0124,,,,,4,1.5,3,FR,,,,,,,,,,,,,,,,,,,,,,,,
pb0125,,,,,1.5,1,3,WR,,,,,,,,,,,,,,,,,,,,,,,,
pb0126,,,,,3,1,3.5,FR,,,,,,,,,,,,,,,,,,,,,,,,
pb0127,,,,,0.5,2,1,Ye,,,,,,,,,,,,,,,,,,,,,,,,
pb0128,,,,,2,1,4,WR,,,,,,,,,,,,,,,,,,,,,,,,
pb0129,,,,,4,1,3.5,FR,,,,,,,,,,,,,,,,,,,,,,,,
pb0130,,,,,1.5,1,1.5,WR,,,,,,,,,,,,,,,,,,,,,,,,
pb0131,,,,,2.5,1.5,3.5,WR,,,,,,,,,,,,,,,,,,,,,,,,
pb0132,,,,,3,1,3.5,FR,,,,,,,,,,,,,,,,,,,,,,,,
pb0133,,,,,1.5,2.5,1.5,WO,,,,,,,,,,,,,,,,,,,,,,,,
pb0134,,,,,,,,,,,,,,,,,,,,,,,,,,,,,,,,
pb0135,,,,,3.5,1.5,3.5,FR,,,,,,,,,,,,,,,,,,,,,,,,
pb0136,,,,,1,2.5,3,Ye,,,,,,,,,,,,,,,,,,,,,,,,
pb0137,,,,,4,0.5,3.5,FR,,,,,,,,,,,,,,,,,,,,,,,,
pb0138,,,,,1,2,3.5,Ye,,,,,,,,,,,,,,,,,,,,,,,,
pb0139,,,,,0.5,3,4,Ye,,,,,,,,,,,,,,,,,,,,,,,,
pb0140,,,,,1.5,1,2.5,WR,,,,,,,,,,,,,,,,,,,,,,,,
pb0141,,,,,1.5,1,2,WR,,,,,,,,,,,,,,,,,,,,,,,,
pb0143,,,,,4,2.5,3,FO,,,,,,,,,,,,,,,,,,,,,,,,
pb0144,,,,,2,1,3.5,WR,,,,,,,,,,,,,,,,,,,,,,,,
pb0145,,,,,1.5,2.5,3.5,WO,,,,,,,,,,,,,,,,,,,,,,,,
pb0146,,,,,2,1,2.5,WR,,,,,,,,,,,,,,,,,,,,,,,,
pb0147,,,,,1.5,1,2.5,WR,,,,,,,,,,,,,,,,,,,,,,,,
pb0148,,,,,1.5,1,2,WR,,,,,,,,,,,,,,,,,,,,,,,,
pb0149,,,,,4,1,3,FR,,,,,,,,,,,,,,,,,,,,,,,,
pb0149,,,,,4,0.5,3.5,FR,,,,,,,,,,,,,,,,,,,,,,,,
pb0150,,,,,1.5,2.5,3,WO,,,,,,,,,,,,,,,,,,,,,,,,
pb0151,,,,,2,2,2,WO,,,,,,,,,,,,,,,,,,,,,,,,
pb0152,,,,,1.5,1,1.5,WR,,,,,,,,,,,,,,,,,,,,,,,,
pb0153,,,,,1.5,1,2,WR,,,,,,,,,,,,,,,,,,,,,,,,
pb0154,,,,,4,0.5,3,FR,,,,,,,,,,,,,,,,,,,,,,,,
pb0155,,,,,0.5,1,1.5,Wh,,,,,,,,,,,,,,,,,,,,,,,,
pb0156,,,,,3.5,2.5,3.5,FO,,,,,,,,,,,,,,,,,,,,,,,,
pb0157,,,,,2,2.5,2.5,WO,,,,,,,,,,,,,,,,,,,,,,,,
pb0158,,,,,0.5,1,1.5,Wh,,,,,,,,,,,,,,,,,,,,,,,,
pb0159,,,,,3,2.5,3.5,FO,,,,,,,,,,,,,,,,,,,,,,,,
pb0160,,,,,3.5,2.5,3,FO,,,,,,,,,,,,,,,,,,,,,,,,
pb0161,,,,,2.5,1,3.5,WR,,,,,,,,,,,,,,,,,,,,,,,,
pb0162,,,,,4,1,3.5,FR,,,,,,,,,,,,,,,,,,,,,,,,
pb0163,,,,,1,1,3.5,Wh,,,,,,,,,,,,,,,,,,,,,,,,
pb0164,,,,,4,1,3.5,FR,,,,,,,,,,,,,,,,,,,,,,,,
pb0165,3,1,3,FR,,,,,,,,,,,,,,,,,,,,,,,,,,,,
pb0166,,,,,2,0.5,2.5,WR,,,,,,,,,,,,,,,,,,,,,,,,
pb0168,,,,,2,1,3,WR,,,,,,,,,,,,,,,,,,,,,,,,
pb0169,,,,,2,1,3.5,WR,,,,,,,,,,,,,,,,,,,,,,,,
pb0170,,,,,4,2,3,FO,,,,,,,,,,,,,,,,,,,,,,,,
pb0171,,,,,1,2.5,3.5,Ye,,,,,,,,,,,,,,,,,,,,,,,,
pb0172,,,,,2,1,2.5,WR,,,,,,,,,,,,,,,,,,,,,,,,
pb0173,,,,,,,,,,,,,,,,,,,,,,,,,,,,,,,,
pb0174,,,,,1,1,2,Wh,,,,,,,,,,,,,,,,,,,,,,,,
pb0175,,,,,1.5,1,2,WR,,,,,,,,,,,,,,,,,,,,,,,,
pb0176,,,,,2.5,1,4,WR,,,,,,,,,,,,,,,,,,,,,,,,
pb0177,,,,,0.5,2,2,Ye,,,,,,,,,,,,,,,,,,,,,,,,
pb0178,,,,,0.5,1.5,2,Wh,,,,,,,,,,,,,,,,,,,,,,,,
pb0179,,,,,2,0.5,1,WR,,,,,,,,,,,,,,,,,,,,,,,,
pb0180,,,,,3,1,3.5,FR,,,,,,,,,,,,,,,,,,,,,,,,
pb0181,,,,,0.5,2.5,1.5,Ye,,,,,,,,,,,,,,,,,,,,,,,,
pb0182,,,,,2,2.5,3.5,WO,,,,,,,,,,,,,,,,,,,,,,,,
pb0183,,,,,2,2.5,3.5,WO,,,,,,,,,,,,,,,,,,,,,,,,
pb0184,,,,,0.5,2.5,1.5,Ye,,,,,,,,,,,,,,,,,,,,,,,,
pb0185,,,,,1.5,2.5,3,WO,,,,,,,,,,,,,,,,,,,,,,,,
pb0186,,,,,1.5,1.5,2.5,WR,,,,,,,,,,,,,,,,,,,,,,,,
pb0187,,,,,,,,,,,,,,,,,,,,,,,,,,,,,,,,
pb0188,,,,,1.5,1.5,3.5,WR,,,,,,,,,,,,,,,,,,,,,,,,
pb0189,,,,,0.5,1.5,1.5,Wh,,,,,,,,,,,,,,,,,,,,,,,,
pb0190,,,,,2,2.5,3.5,WO,,,,,,,,,,,,,,,,,,,,,,,,
pb0191,,,,,4,1,3.5,FR,,,,,,,,,,,,,,,,,,,,,,,,
pb0192,,,,,1,0.5,3,Wh,,,,,,,,,,,,,,,,,,,,,,,,
pb0193,,,,,2.5,2.5,3.5,WO,,,,,,,,,,,,,,,,,,,,,,,,
pb0194,,,,,4,0.5,3.5,FR,,,,,,,,,,,,,,,,,,,,,,,,
pb0195,,,,,0.5,2.5,1,Ye,,,,,,,,,,,,,,,,,,,,,,,,
pb0196,,,,,3,1,3.5,FR,,,,,,,,,,,,,,,,,,,,,,,,
pb0197,,,,,0.5,1,1.5,Wh,,,,,,,,,,,,,,,,,,,,,,,,
pb0198,,,,,2.5,1,2,WR,,,,,,,,,,,,,,,,,,,,,,,,
pb0199,,,,,0.5,2,1.5,Ye,,,,,,,,,,,,,,,,,,,,,,,,
pb0200,,,,,1.5,1,3,WR,,,,,,,,,,,,,,,,,,,,,,,,
pb0201,,,,,0.5,1,1,Wh,,,,,,,,,,,,,,,,,,,,,,,,
pb0202,,,,,3,2,3.5,FO,,,,,,,,,,,,,,,,,,,,,,,,
pb0203,,,,,,,,,,,,,,,,,,,,,,,,,,,,,,,,
pb0204,,,,,0.5,1.5,1.5,Wh,,,,,,,,,,,,,,,,,,,,,,,,
pb0205,,,,,3,2.5,3.5,FO,,,,,,,,,,,,,,,,,,,,,,,,
pb0206,,,,,,,,,,,,,,,,,,,,,,,,,,,,,,,,
pb0207,,,,,1,2.5,3,Ye,,,,,,,,,,,,,,,,,,,,,,,,
pb0209,,,,,0.5,2.5,1,Ye,,,,,,,,,,,,,,,,,,,,,,,,
pb0210,,,,,4,2.5,3,FO,,,,,,,,,,,,,,,,,,,,,,,,
pb0211,,,,,2.5,2.5,3.5,WO,,,,,,,,,,,,,,,,,,,,,,,,
pb0213,,,,,1.5,2.5,3,WO,,,,,,,,,,,,,,,,,,,,,,,,
pb0214,,,,,,,,,,,,,,,,,,,,,,,,,,,,,,,,
pb0215,,,,,0.5,2.5,1.5,Ye,,,,,,,,,,,,,,,,,,,,,,,,
pb0216,,,,,1.5,1,2.5,WR,,,,,,,,,,,,,,,,,,,,,,,,
pb0217,,,,,0.5,3,3,Ye,,,,,,,,,,,,,,,,,,,,,,,,
pb0218,,,,,,,,,,,,,,,,,,,,,,,,,,,,,,,,
pb0219,,,,,0.5,2,1,Ye,,,,,,,,,,,,,,,,,,,,,,,,
pb0220,,,,,1,2.5,3.5,Ye,,,,,,,,,,,,,,,,,,,,,,,,
pb0221,,,,,4,2,4,FO,,,,,,,,,,,,,,,,,,,,,,,,
pb0222,,,,,0.5,2,2.5,Ye,,,,,,,,,,,,,,,,,,,,,,,,
pb0223,,,,,0.5,2.5,1.5,Ye,,,,,,,,,,,,,,,,,,,,,,,,
pb0224,,,,,4,2.5,3.5,FO,,,,,,,,,,,,,,,,,,,,,,,,
pb0225,,,,,2.5,2.5,3.5,WO,,,,,,,,,,,,,,,,,,,,,,,,
pb0226,,,,,,,,,,,,,,,,,,,,,,,,,,,,,,,,
pb0227,,,,,0.5,2.5,2.5,Ye,,,,,,,,,,,,,,,,,,,,,,,,
pb0228,,,,,1,1,2.5,Wh,,,,,,,,,,,,,,,,,,,,,,,,
pb0229,,,,,0.5,2,2.5,Ye,,,,,,,,,,,,,,,,,,,,,,,,
pb0230,,,,,4,2.5,3.5,FO,,,,,,,,,,,,,,,,,,,,,,,,
pb0231,,,,,2,2,2,WO,,,,,,,,,,,,,,,,,,,,,,,,
pb0232,,,,,3.5,2,3.5,FO,,,,,,,,,,,,,,,,,,,,,,,,
pb0233,,,,,2,0.5,3.5,WR,,,,,,,,,,,,,,,,,,,,,,,,
pb0234,,,,,,,,,,,,,,,,,,,,,,,,,,,,,,,,
pb0235,,,,,1.5,2.5,2,WO,,,,,,,,,,,,,,,,,,,,,,,,
pb0236,,,,,3.5,1,3,FR,,,,,,,,,,,,,,,,,,,,,,,,
pb0237,,,,,0.5,1.5,1.5,Wh,,,,,,,,,,,,,,,,,,,,,,,,
pb0238,,,,,0.5,3,2.5,Ye,,,,,,,,,,,,,,,,,,,,,,,,
pb0239,,,,,,,,,,,,,,,,,,,,,,,,,,,,,,,,
pb0240,,,,,4,2.5,3.5,FO,,,,,,,,,,,,,,,,,,,,,,,,
pb0241,1.5,1.5,2,WR,,,,,,,,,,,,,,,,,,,,,,,,,,,,
pb0242,,,,,1.5,1,2,WR,,,,,,,,,,,,,,,,,,,,,,,,
pb0243,,,,,3,1,3,FR,,,,,,,,,,,,,,,,,,,,,,,,
pb0244,,,,,1.5,1,2,WR,,,,,,,,,,,,,,,,,,,,,,,,
pb0245,,,,,3,0.5,3,FR,,,,,,,,,,,,,,,,,,,,,,,,
pb0246,,,,,0.5,2.5,2.5,Ye,,,,,,,,,,,,,,,,,,,,,,,,
pb0247,,,,,4,1,3.5,FR,,,,,,,,,,,,,,,,,,,,,,,,
pb0248,,,,,0.5,2.5,1.5,Ye,,,,,,,,,,,,,,,,,,,,,,,,
pb0249,,,,,,,,,,,,,,,,,,,,,,,,,,,,,,,,
pb0250,,,,,3.5,2,3.5,FO,,,,,,,,,,,,,,,,,,,,,,,,
pb0251,,,,,4,1,,FR,,,,,,,,,,,,,,,,,,,,,,,,
pb0252,,,,,1.5,1,2.5,WR,,,,,,,,,,,,,,,,,,,,,,,,
pb0253,,,,,4,1,3,FR,,,,,,,,,,,,,,,,,,,,,,,,
pb0254,,,,,4,1,4,FR,,,,,,,,,,,,,,,,,,,,,,,,
pb0256,,,,,3,1,3.5,FR,,,,,,,,,,,,,,,,,,,,,,,,
pb0257,,,,,,,,,,,,,,,,,,,,,,,,,,,,,,,,
pb0258,,,,,3,0.5,3,FR,,,,,,,,,,,,,,,,,,,,,,,,
pb0259,,,,,3,1,3,FR,,,,,,,,,,,,,,,,,,,,,,,,
pb0260,,,,,3,1.5,3.5,FR,,,,,,,,,,,,,,,,,,,,,,,,
pb0261,,,,,4,0.5,3.5,FR,,,,,,,,,,,,,,,,,,,,,,,,
pb0262,,,,,,,,,,,,,,,,,,,,,,,,,,,,,,,,
pb0263,,,,,4,2,3.5,FO,,,,,,,,,,,,,,,,,,,,,,,,
pb0264,,,,,3.5,1,3,FR,,,,,,,,,,,,,,,,,,,,,,,,
pb0265,,,,,4,1,3.5,FR,,,,,,,,,,,,,,,,,,,,,,,,
pb0266,,,,,1.5,1,3.5,WR,,,,,,,,,,,,,,,,,,,,,,,,
pb0267,,,,,3.5,0.5,3,FR,,,,,,,,,,,,,,,,,,,,,,,,
pb0268,,,,,3.5,0.5,3,FR,,,,,,,,,,,,,,,,,,,,,,,,
pb0269,,,,,4,1,3,FR,,,,,,,,,,,,,,,,,,,,,,,,
pb0270,,,,,3.5,0.5,3,FR,,,,,,,,,,,,,,,,,,,,,,,,
pb0271,,,,,1,2.5,2,Ye,,,,,,,,,,,,,,,,,,,,,,,,
pb0272,,,,,,,,,,,,,,,,,,,,,,,,,,,,,,,,
pb0273,,,,,4,1.5,3.5,FR,,,,,,,,,,,,,,,,,,,,,,,,
pb0274,,,,,4,1,3,FR,,,,,,,,,,,,,,,,,,,,,,,,
pb0275,,,,,,,,,,,,,,,,,,,,,,,,,,,,,,,,
pb0276,,,,,4,1,3.5,FR,,,,,,,,,,,,,,,,,,,,,,,,
pb0277,,,,,4,2,3,FO,,,,,,,,,,,,,,,,,,,,,,,,
pb0278,,,,,3.5,0.5,,FR,,,,,,,,,,,,,,,,,,,,,,,,
pb0279,,,,,1.5,2.5,1.5,WO,,,,,,,,,,,,,,,,,,,,,,,,
pb0280,,,,,3,0.5,3,FR,,,,,,,,,,,,,,,,,,,,,,,,
pb0281,,,,,3,1.5,3.5,FR,,,,,,,,,,,,,,,,,,,,,,,,
pb0282,,,,,4,1,3.5,FR,,,,,,,,,,,,,,,,,,,,,,,,
pb0283,,,,,4,2.5,3.5,FO,,,,,,,,,,,,,,,,,,,,,,,,
pb0284,,,,,4,0.5,3.5,FR,,,,,,,,,,,,,,,,,,,,,,,,
pb0285,,,,,1.5,1,2.5,WR,,,,,,,,,,,,,,,,,,,,,,,,
pb0286,,,,,4,1.5,3.5,FR,,,,,,,,,,,,,,,,,,,,,,,,
pb0287,,,,,4,0.5,3,FR,,,,,,,,,,,,,,,,,,,,,,,,
pb0288,,,,,3.5,1,3.5,FR,,,,,,,,,,,,,,,,,,,,,,,,
pb0289,,,,,3.5,1,3.5,FR,,,,,,,,,,,,,,,,,,,,,,,,
pb0289,,,,,3,0.5,3.5,FR,,,,,,,,,,,,,,,,,,,,,,,,
pb0290,,,,,3.5,1,3,FR,,,,,,,,,,,,,,,,,,,,,,,,
pb0291,,,,,3.5,1,3,FR,,,,,,,,,,,,,,,,,,,,,,,,
pb0292a,,,,,,,,,,,,,,,,,,,,,,,,,,,,,,,,
pb0292b,,,,,,,,,,,,,,,,,,,,,,,,,,,,,,,,
pb0293,,,,,4,0.5,3,FR,,,,,,,,,,,,,,,,,,,,,,,,
pb0294,,,,,2,1,1.5,WR,,,,,,,,,,,,,,,,,,,,,,,,
pb0295,,,,,,,,,,,,,,,,,,,,,,,,,,,,,,,,
pb0296a,,,,,,,,,,,,,,,,,,,,,,,,,,,,,,,,
pb0296b,,,,,,,,,,,,,,,,,,,,,,,,,,,,,,,,
pb0297,,,,,0.5,2.5,3,Ye,,,,,,,,,,,,,,,,,,,,,,,,
pb0298,,,,,2,0.5,3,WR,,,,,,,,,,,,,,,,,,,,,,,,
pb0300,,,,,0.5,2.5,1,Ye,,,,,,,,,,,,,,,,,,,,,,,,
pb0301,,,,,3,1,3.5,FR,,,,,,,,,,,,,,,,,,,,,,,,
pb0302,,,,,4,0.5,3.5,FR,,,,,,,,,,,,,,,,,,,,,,,,
pb0303,,,,,3,1,1,FR,,,,,,,,,,,,,,,,,,,,,,,,
pb0306,,,,,4,1,3,FR,,,,,,,,,,,,,,,,,,,,,,,,
pb0307,,,,,4,1,3.5,FR,,,,,,,,,,,,,,,,,,,,,,,,
pb0308,,,,,,,,,,,,,,,,,,,,,,,,,,,,,,,,
pb0309,,,,,2,3,1,WO,,,,,,,,,,,,,,,,,,,,,,,,
pb0310,,,,,3.5,0.5,3.5,FR,,,,,,,,,,,,,,,,,,,,,,,,
pb0311,,,,,3.5,1,3,FR,,,,,,,,,,,,,,,,,,,,,,,,
pb0312,,,,,4,1,3,FR,,,,,,,,,,,,,,,,,,,,,,,,
pb0313,,,,,4,1,3,FR,,,,,,,,,,,,,,,,,,,,,,,,
pb0314,,,,,4.5,1,3,FR,,,,,,,,,,,,,,,,,,,,,,,,
pb0315,,,,,1.5,2,2.5,WO,,,,,,,,,,,,,,,,,,,,,,,,
pb0316,3.5,2.5,3.5,FO,,,,,,,,,,,,,,,,,,,,,,,,,,,,
pb0317,,,,,,,,,,,,,,,,,,,,,,,,,,,,,,,,
pb0318,,,,,1,1.5,2.5,Wh,,,,,,,,,,,,,,,,,,,,,,,,
pb0319,,,,,1.5,2.5,3.5,WO,,,,,,,,,,,,,,,,,,,,,,,,
pb0320,,,,,3.5,1,3.5,FR,,,,,,,,,,,,,,,,,,,,,,,,
pb0321,,,,,1.5,1,2,WR,,,,,,,,,,,,,,,,,,,,,,,,
pb0322,,,,,,,,,,,,,,,,,,,,,,,,,,,,,,,,
pb0323,,,,,4,1,3,FR,,,,,,,,,,,,,,,,,,,,,,,,
pb0324,,,,,4,0.5,3,FR,,,,,,,,,,,,,,,,,,,,,,,,
pb0325,,,,,,,,,,,,,,,,,,,,,,,,,,,,,,,,
pb0326,,,,,4,1.5,3.5,FR,,,,,,,,,,,,,,,,,,,,,,,,
pb0327,,,,,3.5,2,3.5,FO,,,,,,,,,,,,,,,,,,,,,,,,
pb0328,,,,,,,,,,,,,,,,,,,,,,,,,,,,,,,,
pb0329,,,,,,,,,,,,,,,,,,,,,,,,,,,,,,,,
pb0330,,,,,4,1,3.5,FR,,,,,,,,,,,,,,,,,,,,,,,,
pb0331,,,,,4.5,1,3.5,FR,,,,,,,,,,,,,,,,,,,,,,,,
pb0332,,,,,,,,,,,,,,,,,,,,,,,,,,,,,,,,
pb0333,,,,,4,1,3,FR,,,,,,,,,,,,,,,,,,,,,,,,
pb0334,,,,,1.5,0.5,1.5,WR,,,,,,,,,,,,,,,,,,,,,,,,
pb0335,,,,,3.5,1,3.5,FR,,,,,,,,,,,,,,,,,,,,,,,,
pb0336,,,,,4,0.5,3.5,FR,,,,,,,,,,,,,,,,,,,,,,,,
pb0337,,,,,4,1,3,FR,,,,,,,,,,,,,,,,,,,,,,,,
pb0338,,,,,4,0.5,3,FR,,,,,,,,,,,,,,,,,,,,,,,,
pb0339,,,,,4,1,3.5,FR,,,,,,,,,,,,,,,,,,,,,,,,
pb0341,,,,,,,,,,,,,,,,,,,,,,,,,,,,,,,,
pb0342,,,,,,,,,,,,,,,,,,,,,,,,,,,,,,,,
pb0343,,,,,3,1,3,FR,,,,,,,,,,,,,,,,,,,,,,,,
pb0344,,,,,2.5,0.5,2,WR,,,,,,,,,,,,,,,,,,,,,,,,
pb0345,,,,,3,1,3.5,FR,,,,,,,,,,,,,,,,,,,,,,,,
pb0346,,,,,3.5,1,3.5,FR,,,,,,,,,,,,,,,,,,,,,,,,
pb0347,,,,,3.5,1,3,FR,,,,,,,,,,,,,,,,,,,,,,,,
pb0348,,,,,,,,,,,,,,,,,,,,,,,,,,,,,,,,
pb0349,,,,,4,2.5,3.5,FO,,,,,,,,,,,,,,,,,,,,,,,,
pb0350,,,,,3,0.5,3,FR,,,,,,,,,,,,,,,,,,,,,,,,
pb0351,3.5,0.5,3.5,FR,,,,,,,,,,,,,,,,,,,,,,,,,,,,
pb0352,,,,,3.5,1,3,FR,,,,,,,,,,,,,,,,,,,,,,,,
pb0353,,,,,4,0.5,3,FR,,,,,,,,,,,,,,,,,,,,,,,,
pb0354,,,,,4,0.5,3,FR,,,,,,,,,,,,,,,,,,,,,,,,
pb0355,,,,,3,1.5,3,FR,,,,,,,,,,,,,,,,,,,,,,,,
pb0356,,,,,3.5,0.5,3,FR,,,,,,,,,,,,,,,,,,,,,,,,
pb0357,,,,,4,1,3.5,FR,,,,,,,,,,,,,,,,,,,,,,,,
pb0358,,,,,1.5,1,1.5,WR,,,,,,,,,,,,,,,,,,,,,,,,
pb0358,,,,,2,1,2.5,WR,,,,,,,,,,,,,,,,,,,,,,,,
pb0359,,,,,3.5,0.5,3,FR,,,,,,,,,,,,,,,,,,,,,,,,
pb0360,,,,,4.5,0.5,3,FR,,,,,,,,,,,,,,,,,,,,,,,,
pb0361,3.5,1,3,FR,,,,,,,,,,,,,,,,,,,,,,,,,,,,
pb0362,,,,,1.5,2.5,3.5,WO,,,,,,,,,,,,,,,,,,,,,,,,
pb0363,,,,,4,0.5,3.5,FR,,,,,,,,,,,,,,,,,,,,,,,,
pb0364,,,,,3.5,1,3,FR,,,,,,,,,,,,,,,,,,,,,,,,
pb0366,,,,,4,0.5,3,FR,,,,,,,,,,,,,,,,,,,,,,,,
pb0368,,,,,3.5,0.5,3.5,FR,,,,,,,,,,,,,,,,,,,,,,,,
pb0369,,,,,,,,,,,,,,,,,,,,,,,,,,,,,,,,
pb0370,,,,,3.5,1,1,FR,,,,,,,,,,,,,,,,,,,,,,,,
pb0372,,,,,3.5,1.5,3,FR,,,,,,,,,,,,,,,,,,,,,,,,
pb0374,,,,,1.5,1,1.5,WR,,,,,,,,,,,,,,,,,,,,,,,,
pb0375,,,,,4,1,3,FR,,,,,,,,,,,,,,,,,,,,,,,,
pb0376,,,,,4,1,4,FR,,,,,,,,,,,,,,,,,,,,,,,,
pb0377,,,,,3.5,0.5,3,FR,,,,,,,,,,,,,,,,,,,,,,,,
pb0378,,,,,1,2.5,2.5,Ye,,,,,,,,,,,,,,,,,,,,,,,,
pb0380,,,,,1.5,1,2.5,WR,,,,,,,,,,,,,,,,,,,,,,,,
pb0381,,,,,3,1,3.5,FR,,,,,,,,,,,,,,,,,,,,,,,,
pb0382,,,,,4,1,3.5,FR,,,,,,,,,,,,,,,,,,,,,,,,
pb0383,,,,,,,,,,,,,,,,,,,,,,,,,,,,,,,,
pb0384,,,,,3.5,1,3.5,FR,,,,,,,,,,,,,,,,,,,,,,,,
pb0385,,,,,4,1,4,FR,,,,,,,,,,,,,,,,,,,,,,,,
pb0387,,,,,3.5,1,1,FR,,,,,,,,,,,,,,,,,,,,,,,,
pb0388,,,,,,,,,,,,,,,,,,,,,,,,,,,,,,,,
pb0389,,,,,4,0.5,3.5,FR,,,,,,,,,,,,,,,,,,,,,,,,
pb0390,1.5,1,0.5,WR,1.5,1,1.5,WR,,,,,,,,,,,,,,,,,,,,,,,,
pb0391,3,1,3,FR,,,,,,,,,,,,,,,,,,,,,,,,,,,,
pb0392,1,1.5,2.5,Wh,0.5,1.5,1.5,Wh,,,,,,,,,,,,,,,,,,,,,,,,
pb0393,,,,,4,0.5,3.5,FR,,,,,,,,,,,,,,,,,,,,,,,,
pb0393,,,,,4,0.5,3.5,FR,,,,,,,,,,,,,,,,,,,,,,,,
pb0394,3.5,0.5,3,FR,,,,,,,,,,,,,,,,,,,,,,,,,,,,
pb0395,,,,,3.5,0.5,3.5,FR,,,,,,,,,,,,,,,,,,,,,,,,
pb0396,,,,,3,1,2,FR,,,,,,,,,,,,,,,,,,,,,,,,
pb0397,,,,,4,0.5,3.5,FR,,,,,,,,,,,,,,,,,,,,,,,,
pb0398,,,,,4,1,1,FR,,,,,,,,,,,,,,,,,,,,,,,,
pb0399,3.5,0.5,3,FR,,,,,,,,,,,,,,,,,,,,,,,,,,,,
pb0400,,,,,3,1,2.5,FR,,,,,,,,,,,,,,,,,,,,,,,,
pb0401,,,,,3,0.5,3,FR,,,,,,,,,,,,,,,,,,,,,,,,
pb0402,,,,,0.5,2.5,1.5,Ye,,,,,,,,,,,,,,,,,,,,,,,,
pb0403,,,,,3.5,2.5,3.5,FO,,,,,,,,,,,,,,,,,,,,,,,,
pb0405,,,,,0.5,2.5,2.5,Ye,,,,,,,,,,,,,,,,,,,,,,,,
pb0407,,,,,2,0.5,,WR,,,,,,,,,,,,,,,,,,,,,,,,
pb0408,,,,,0.5,1.5,1.5,Wh,,,,,,,,,,,,,,,,,,,,,,,,
pb0409,,,,,0.5,2.5,1.5,Ye,,,,,,,,,,,,,,,,,,,,,,,,
pb0410,,,,,1,2.5,3.5,Ye,,,,,,,,,,,,,,,,,,,,,,,,
pb0412,,,,,4,1.5,3.5,FR,,,,,,,,,,,,,,,,,,,,,,,,
pb0413,0.5,3,1,Ye,0.5,2.5,1.5,Ye,,,,,,,,,,,,,,,,,,,,,,,,
pb0414,,,,,3.5,1,3,FR,,,,,,,,,,,,,,,,,,,,,,,,
pb0415,,,,,2,1,2.5,WR,,,,,,,,,,,,,,,,,,,,,,,,
pb0416,2,1.5,1.5,WR,,,,,,,,,,,,,,,,,,,,,,,,,,,,
pb0418,,,,,2,2.5,2.5,WO,,,,,,,,,,,,,,,,,,,,,,,,
pb0419,,,,,,,,,,,,,,,,,,,,,,,,,,,,,,,,
pb0420,,,,,,,,,,,,,,,,,,,,,,,,,,,,,,,,
pb0421,,,,,,,,,,,,,,,,,,,,,,,,,,,,,,,,
pb0422,,,,,0.5,2.5,1.5,Ye,,,,,,,,,,,,,,,,,,,,,,,,
pb0423,,,,,,,,,,,,,,,,,,,,,,,,,,,,,,,,
pb0424,0.5,3,1,Ye,,,,,,,,,,,,,,,,,,,,,,,,,,,,
pb0425,,,,,2,1,4,WR,,,,,,,,,,,,,,,,,,,,,,,,
pb0427,,,,,0.5,2,2.5,Ye,,,,,,,,,,,,,,,,,,,,,,,,
pb0428,,,,,,,,,,,,,,,,,,,,,,,,,,,,,,,,
pb0429,,,,,0.5,2.5,1,Ye,,,,,,,,,,,,,,,,,,,,,,,,
pb0432,,,,,0.5,2.5,3,Ye,,,,,,,,,,,,,,,,,,,,,,,,
pb0435,,,,,2.5,1.5,1,WR,,,,,,,,,,,,,,,,,,,,,,,,
pb0436,,,,,0.5,1.5,2.5,Wh,,,,,,,,,,,,,,,,,,,,,,,,
pb0437,,,,,0.5,2.5,3,Ye,,,,,,,,,,,,,,,,,,,,,,,,
pb0438,,,,,,,,,,,,,,,,,,,,,,,,,,,,,,,,
pb0440,,,,,0.5,2.5,1,Ye,,,,,,,,,,,,,,,,,,,,,,,,
pb0441,,,,,2,1,3.5,WR,,,,,,,,,,,,,,,,,,,,,,,,
pb0442,,,,,4,1,3,FR,,,,,,,,,,,,,,,,,,,,,,,,
pb0443,,,,,3.5,2.5,3.5,FO,,,,,,,,,,,,,,,,,,,,,,,,
pb0445,0.5,3,1,Ye,0.5,2.5,1.5,Ye,,,,,,,,,,,,,,,,,,,,,,,,
pb0447,,,,,,,,,,,,,,,,,,,,,,,,,,,,,,,,
pb0448,,,,,1.5,2.5,3.5,WO,,,,,,,,,,,,,,,,,,,,,,,,
pb0450,,,,,0.5,2,1,Ye,,,,,,,,,,,,,,,,,,,,,,,,
pb0451,,,,,4,2.5,3.5,FO,,,,,,,,,,,,,,,,,,,,,,,,
pb0453,1.5,1,3.5,WR,,,,,,,,,,,,,,,,,,,,,,,,,,,,
pb0454,,,,,0.5,2.5,1,Ye,,,,,,,,,,,,,,,,,,,,,,,,
pb0455,,,,,3,1,4,FR,,,,,,,,,,,,,,,,,,,,,,,,
pb0456,,,,,0.5,3,1.5,Ye,,,,,,,,,,,,,,,,,,,,,,,,
pb0458,,,,,2,1,3,WR,,,,,,,,,,,,,,,,,,,,,,,,
pb0459,3.5,2.5,3.5,FO,,,,,,,,,,,,,,,,,,,,,,,,,,,,
pb0460,,,,,0.5,2.5,1.5,Ye,,,,,,,,,,,,,,,,,,,,,,,,
pb0461,,,,,0.5,2,2.5,Ye,,,,,,,,,,,,,,,,,,,,,,,,
pb0462,,,,,,,,,,,,,,,,,,,,,,,,,,,,,,,,
pb0463,,,,,4,1,3,FR,,,,,,,,,,,,,,,,,,,,,,,,
pb0464,,,,,3.5,2.5,3.5,FO,,,,,,,,,,,,,,,,,,,,,,,,
pb0465,,,,,,,,,,,,,,,,,,,,,,,,,,,,,,,,
pb0468,,,,,2,2.5,3.5,WO,,,,,,,,,,,,,,,,,,,,,,,,
pb0469,,,,,4,0.5,3,FR,,,,,,,,,,,,,,,,,,,,,,,,
pb0472,,,,,3,1,1,FR,,,,,,,,,,,,,,,,,,,,,,,,
pb0474,,,,,1.5,1.5,2.5,WR,,,,,,,,,,,,,,,,,,,,,,,,
pb0476,,,,,4.5,1,3.5,FR,,,,,,,,,,,,,,,,,,,,,,,,
pb0479,,,,,,,,,,,,,,,,,,,,,,,,,,,,,,,,
pb0480,,,,,0.5,2.5,3,Ye,,,,,,,,,,,,,,,,,,,,,,,,
pb0482,,,,,2,2.5,3,WO,,,,,,,,,,,,,,,,,,,,,,,,
pb0484,,,,,4,0.5,3,FR,,,,,,,,,,,,,,,,,,,,,,,,
pb0484,,,,,0.5,3,1.5,Ye,,,,,,,,,,,,,,,,,,,,,,,,
pb0485,,,,,4,0.5,3,FR,,,,,,,,,,,,,,,,,,,,,,,,
pb0486,,,,,,,,,,,,,,,,,,,,,,,,,,,,,,,,
pb0487,,,,,2,1,1,WR,,,,,,,,,,,,,,,,,,,,,,,,
pb0489,,,,,4,1,3.5,FR,,,,,,,,,,,,,,,,,,,,,,,,
pb0491,,,,,4,0.5,3,FR,,,,,,,,,,,,,,,,,,,,,,,,
pb0494,,,,,4.5,0.5,3,FR,,,,,,,,,,,,,,,,,,,,,,,,
pb0495,,,,,0.5,0.5,1,Wh,,,,,,,,,,,,,,,,,,,,,,,,
pb0498,,,,,3.5,0.5,3,FR,,,,,,,,,,,,,,,,,,,,,,,,
pb0500,,,,,0.5,2.5,1.5,Ye,,,,,,,,,,,,,,,,,,,,,,,,
pb0526,,,,,0.5,2.5,1.5,Ye,,,,,,,,,,,,,,,,,,,,,,,,
pb0539,,,,,0.5,2.5,1,Ye,,,,,,,,,,,,,,,,,,,,,,,,
pb0547,,,,,0.5,2.5,1.5,Ye,,,,,,,,,,,,,,,,,,,,,,,,
pb0731,,,,,4,0.5,3,FR,,,,,,,,,,,,,,,,,,,,,,,,
pb0733,,,,,1.5,1,3,WR,,,,,,,,,,,,,,,,,,,,,,,,
pb0738,,,,,3.5,1,3.5,FR,,,,,,,,,,,,,,,,,,,,,,,,
pb0740,,,,,1.5,1,3.5,WR,,,,,,,,,,,,,,,,,,,,,,,,
pb0743,,,,,1.5,2,1.5,WO,,,,,,,,,,,,,,,,,,,,,,,,
pb0746,,,,,4,1,3,FR,,,,,,,,,,,,,,,,,,,,,,,,
pb0747,,,,,1.5,2.5,3,WO,,,,,,,,,,,,,,,,,,,,,,,,
pb0750,,,,,,,,,,,,,,,,,,,,,,,,,,,,,,,,
pb0754,,,,,3.5,2.5,3,FO,,,,,,,,,,,,,,,,,,,,,,,,
pb0757,,,,,0.5,1,1.5,Wh,,,,,,,,,,,,,,,,,,,,,,,,
pb0758,,,,,1,2.5,3,Ye,,,,,,,,,,,,,,,,,,,,,,,,
pb0759,,,,,1,2.5,2,Ye,,,,,,,,,,,,,,,,,,,,,,,,
pb0760,,,,,,,,,,,,,,,,,,,,,,,,,,,,,,,,
pb0761,3,1,,FR,,,,,,,,,,,,,,,,,,,,,,,,,,,,
pb0763,,,,,3.5,0.5,3,FR,,,,,,,,,,,,,,,,,,,,,,,,
pb0764,,,,,1.5,2.5,2,WO,,,,,,,,,,,,,,,,,,,,,,,,
pb0765,,,,,0.5,2.5,3,Ye,,,,,,,,,,,,,,,,,,,,,,,,
pb0766,,,,,1.5,1,3,WR,,,,,,,,,,,,,,,,,,,,,,,,
pb0766,,,,,1.5,0.5,3,WR,,,,,,,,,,,,,,,,,,,,,,,,
pb0767,,,,,3,1,3.5,FR,,,,,,,,,,,,,,,,,,,,,,,,
pb0768,,,,,1.5,1,2.5,WR,,,,,,,,,,,,,,,,,,,,,,,,
pb0768,,,,,1.5,1,2,WR,,,,,,,,,,,,,,,,,,,,,,,,
pb0769,,,,,3,0.5,3,FR,,,,,,,,,,,,,,,,,,,,,,,,
pb0770,,,,,4,0.5,3.5,FR,,,,,,,,,,,,,,,,,,,,,,,,
pb0771,,,,,2,0.5,1,WR,,,,,,,,,,,,,,,,,,,,,,,,
pb0772,,,,,3.5,2.5,3.5,FO,,,,,,,,,,,,,,,,,,,,,,,,
pb0773,,,,,3,1.5,3,FR,,,,,,,,,,,,,,,,,,,,,,,,
pb0774,,,,,,,,,,,,,,,,,,,,,,,,,,,,,,,,
pb0775,,,,,0.5,1,2,Wh,,,,,,,,,,,,,,,,,,,,,,,,
pb0777,,,,,3,1.5,3.5,FR,,,,,,,,,,,,,,,,,,,,,,,,
pb0778,,,,,0.5,2.5,1,Ye,,,,,,,,,,,,,,,,,,,,,,,,
pb0779,,,,,1.5,2.5,1,WO,,,,,,,,,,,,,,,,,,,,,,,,
pb0780,,,,,0.5,1,1,Wh,,,,,,,,,,,,,,,,,,,,,,,,
pb0782,,,,,3.5,0.5,3,FR,,,,,,,,,,,,,,,,,,,,,,,,
pb0784,,,,,0.5,2.5,2.5,Ye,,,,,,,,,,,,,,,,,,,,,,,,
pb0785,,,,,0.5,1,1,Wh,,,,,,,,,,,,,,,,,,,,,,,,
pb0786,,,,,,,,,,,,,,,,,,,,,,,,,,,,,,,,
pb0787,,,,,0.5,2.5,2.5,Ye,,,,,,,,,,,,,,,,,,,,,,,,
pb0788,,,,,3,1,3,FR,,,,,,,,,,,,,,,,,,,,,,,,
pb0789,1,2.5,2.5,Ye,1.5,2.5,2.5,WO,,,,,,,,,,,,,,,,,,,,,,,,
pb0790,,,,,0.5,1.5,1,Wh,,,,,,,,,,,,,,,,,,,,,,,,
pb0791,,,,,0.5,3,1.5,Ye,,,,,,,,,,,,,,,,,,,,,,,,
pb0792,,,,,1.5,1,1.5,WR,,,,,,,,,,,,,,,,,,,,,,,,
pb0793,,,,,1.5,1,1,WR,,,,,,,,,,,,,,,,,,,,,,,,
pb0794,,,,,1.5,2,1.5,WO,,,,,,,,,,,,,,,,,,,,,,,,
pb0795,,,,,1.5,2.5,2.5,WO,,,,,,,,,,,,,,,,,,,,,,,,
pb0796,,,,,3,1,3,FR,,,,,,,,,,,,,,,,,,,,,,,,
pb0797,,,,,4,2.5,3.5,FO,,,,,,,,,,,,,,,,,,,,,,,,
pb0798,,,,,4,1,3.5,FR,,,,,,,,,,,,,,,,,,,,,,,,
pb0799,,,,,3,2.5,2.5,FO,,,,,,,,,,,,,,,,,,,,,,,,
pb0800,,,,,3.5,3,3.5,FO,,,,,,,,,,,,,,,,,,,,,,,,
pb0810,,,,,4,0.5,3.5,FR,,,,,,,,,,,,,,,,,,,,,,,,
pb0836,,,,,4,1,3.5,FR,,,,,,,,,,,,,,,,,,,,,,,,
pb0854,,,,,3.5,1,3,FR,,,,,,,,,,,,,,,,,,,,,,,,
pb0860,,,,,4,1,3.5,FR,,,,,,,,,,,,,,,,,,,,,,,,
pb0861,,,,,3,1,3.5,FR,,,,,,,,,,,,,,,,,,,,,,,,
pb0866,,,,,4,0.5,3.5,FR,,,,,,,,,,,,,,,,,,,,,,,,
pb0868,,,,,3.5,1,3.5,FR,,,,,,,,,,,,,,,,,,,,,,,,
pb0869,,,,,3.5,1,4,FR,,,,,,,,,,,,,,,,,,,,,,,,
pb0871,,,,,3.5,0.5,3,FR,,,,,,,,,,,,,,,,,,,,,,,,
pb0873,,,,,4,1,3,FR,,,,,,,,,,,,,,,,,,,,,,,,
pb0875,,,,,0.5,1,0.5,Wh,,,,,,,,,,,,,,,,,,,,,,,,
pb0876,,,,,2,2.5,4,WO,,,,,,,,,,,,,,,,,,,,,,,,
pb0881,,,,,4,0.5,3,FR,,,,,,,,,,,,,,,,,,,,,,,,
pb0883,,,,,0.5,3,3,Ye,,,,,,,,,,,,,,,,,,,,,,,,
pb0888,,,,,1,2.5,2.5,Ye,,,,,,,,,,,,,,,,,,,,,,,,
pb0893,,,,,0.5,2.5,2.5,Ye,,,,,,,,,,,,,,,,,,,,,,,,
pb0894,,,,,3.5,0.5,3.5,FR,,,,,,,,,,,,,,,,,,,,,,,,
pb0898,,,,,0.5,3,1,Ye,,,,,,,,,,,,,,,,,,,,,,,,
pb0900,,,,,0.5,2.5,1,Ye,,,,,,,,,,,,,,,,,,,,,,,,
pb0912,,,,,4,1,3.5,FR,,,,,,,,,,,,,,,,,,,,,,,,
pb0934,,,,,4,1,3,FR,,,,,,,,,,,,,,,,,,,,,,,,
pb0952,,,,,1.5,2.5,3.5,WO,,,,,,,,,,,,,,,,,,,,,,,,
pb0960,,,,,0.5,2.5,,Ye,,,,,,,,,,,,,,,,,,,,,,,,
pb1000,,,,,3.5,1,3.5,FR,,,,,,,,,,,,,,,,,,,,,,,,
pb1008,,,,,4,0.5,3.5,FR,,,,,,,,,,,,,,,,,,,,,,,,
pb1009,,,,,3.5,0.5,3,FR,,,,,,,,,,,,,,,,,,,,,,,,
pb1014,,,,,4,1,3.5,FR,,,,,,,,,,,,,,,,,,,,,,,,
pb1042,,,,,4.5,1,3.5,FR,,,,,,,,,,,,,,,,,,,,,,,,
pb1046,,,,,3.5,1,3,FR,,,,,,,,,,,,,,,,,,,,,,,,
pb1047,,,,,3,1,3.5,FR,,,,,,,,,,,,,,,,,,,,,,,,
pb1048,,,,,4,2.5,3,FO,,,,,,,,,,,,,,,,,,,,,,,,
pb1053,,,,,3.5,1,3.5,FR,,,,,,,,,,,,,,,,,,,,,,,,
pb1060,,,,,4,0.5,3.5,FR,,,,,,,,,,,,,,,,,,,,,,,,
pb1085,,,,,0.5,3,2,Ye,,,,,,,,,,,,,,,,,,,,,,,,
pb1088,,,,,0.5,2.5,2,Ye,,,,,,,,,,,,,,,,,,,,,,,,
pb1092,,,,,0.5,2.5,2,Ye,,,,,,,,,,,,,,,,,,,,,,,,
pb1093,,,,,0.5,3,1.5,Ye,,,,,,,,,,,,,,,,,,,,,,,,
pb1164,,,,,0.5,3,1,Ye,,,,,,,,,,,,,,,,,,,,,,,,
pb1166,,,,,1.5,2.5,2,WO,,,,,,,,,,,,,,,,,,,,,,,,
pb1172,,,,,0.5,2.5,1.5,Ye,,,,,,,,,,,,,,,,,,,,,,,,
pb1179,,,,,1.5,2.5,3,WO,,,,,,,,,,,,,,,,,,,,,,,,
pb1188,,,,,4,0.5,3.5,FR,,,,,,,,,,,,,,,,,,,,,,,,
pb1191,,,,,4,0.5,3,FR,,,,,,,,,,,,,,,,,,,,,,,,
pb1192,,,,,3.5,1,3,FR,,,,,,,,,,,,,,,,,,,,,,,,
pb1195,,,,,3.5,1.5,3.5,FR,,,,,,,,,,,,,,,,,,,,,,,,
pb1196,,,,,4.5,1,3.5,FR,,,,,,,,,,,,,,,,,,,,,,,,
pb1253,,,,,4,1,3.5,FR,,,,,,,,,,,,,,,,,,,,,,,,
pb1469,,,,,4,1,3,FR,,,,,,,,,,,,,,,,,,,,,,,,
pb1470,,,,,3,1,3.5,FR,,,,,,,,,,,,,,,,,,,,,,,,
pb1512,,,,,3.5,1,3,FR,,,,,,,,,,,,,,,,,,,,,,,,
pb1522,,,,,4,1,3,FR,,,,,,,,,,,,,,,,,,,,,,,,
pb1561,,,,,4,1,3.5,FR,,,,,,,,,,,,,,,,,,,,,,,,
pb1569,,,,,4,1,3.5,FR,,,,,,,,,,,,,,,,,,,,,,,,
pb1591,,,,,4,1,3.5,FR,,,,,,,,,,,,,,,,,,,,,,,,
pb1602,,,,,3.5,1,3.5,FR,,,,,,,,,,,,,,,,,,,,,,,,
pb1606,,,,,3,1,3.5,FR,,,,,,,,,,,,,,,,,,,,,,,,
pb1654,,,,,0.5,3,3,Ye,,,,,,,,,,,,,,,,,,,,,,,,
pb1656,,,,,0.5,2.5,3,Ye,,,,,,,,,,,,,,,,,,,,,,,,
pb1658,,,,,1,2.5,2,Ye,,,,,,,,,,,,,,,,,,,,,,,,
pb1662,,,,,0.5,2.5,2.5,Ye,,,,,,,,,,,,,,,,,,,,,,,,
pb1664,,,,,0.5,2.5,2.5,Ye,,,,,,,,,,,,,,,,,,,,,,,,
pb1665,,,,,0.5,2.5,1,Ye,,,,,,,,,,,,,,,,,,,,,,,,
pb1672,,,,,2,2.5,3.5,WO,,,,,,,,,,,,,,,,,,,,,,,,
pb1677,,,,,0.5,2.5,3,Ye,,,,,,,,,,,,,,,,,,,,,,,,
pb1681,,,,,0.5,2.5,2.5,Ye,,,,,,,,,,,,,,,,,,,,,,,,
pb1682,,,,,0.5,2.5,3,Ye,,,,,,,,,,,,,,,,,,,,,,,,
pb1684,,,,,0.5,3,1,Ye,,,,,,,,,,,,,,,,,,,,,,,,
pb1686,,,,,0.5,2.5,3,Ye,,,,,,,,,,,,,,,,,,,,,,,,
pb1687,,,,,0.5,3,2.5,Ye,,,,,,,,,,,,,,,,,,,,,,,,
pb1691,,,,,0.5,2.5,1,Ye,,,,,,,,,,,,,,,,,,,,,,,,
pb1692,,,,,0.5,3,1.5,Ye,,,,,,,,,,,,,,,,,,,,,,,,
pb1693,,,,,0.5,3,,Ye,,,,,,,,,,,,,,,,,,,,,,,,
pb1694,,,,,0.5,3,1,Ye,,,,,,,,,,,,,,,,,,,,,,,,
pb1695,,,,,0.5,2.5,3,Ye,,,,,,,,,,,,,,,,,,,,,,,,
pb1697,,,,,0.5,2.5,2.5,Ye,,,,,,,,,,,,,,,,,,,,,,,,
pb1699,,,,,0.5,3,1.5,Ye,,,,,,,,,,,,,,,,,,,,,,,,
pb1700,,,,,0.5,2.5,2.5,Ye,,,,,,,,,,,,,,,,,,,,,,,,
pb1705,,,,,4,1,3.5,FR,,,,,,,,,,,,,,,,,,,,,,,,
pb1706,,,,,3.5,1,3.5,FR,,,,,,,,,,,,,,,,,,,,,,,,
pb1720,,,,,3.5,1,3.5,FR,,,,,,,,,,,,,,,,,,,,,,,,
pb1823,,,,,,,,,,,,,,,,,,,,,,,,,,,,,,,,
pb1824,,,,,2.5,1,3.5,WR,,,,,,,,,,,,,,,,,,,,,,,,
pb1826,,,,,0.5,3,1.5,Ye,,,,,,,,,,,,,,,,,,,,,,,,
pb1827,,,,,0.5,1.5,2,Wh,,,,,,,,,,,,,,,,,,,,,,,,
pb1828,,,,,3.5,1,3,FR,,,,,,,,,,,,,,,,,,,,,,,,
pb1829,,,,,4,1,3.5,FR,,,,,,,,,,,,,,,,,,,,,,,,
pb1831,,,,,1.5,2.5,2.5,WO,,,,,,,,,,,,,,,,,,,,,,,,
pb1832,,,,,2,1,3.5,WR,,,,,,,,,,,,,,,,,,,,,,,,
pb1833,,,,,0.5,1.5,1.5,Wh,,,,,,,,,,,,,,,,,,,,,,,,
pb1834,,,,,0.5,2.5,3,Ye,,,,,,,,,,,,,,,,,,,,,,,,
pb1835,,,,,4,1,3.5,FR,,,,,,,,,,,,,,,,,,,,,,,,
pb1835,,,,,4,1,3.5,FR,,,,,,,,,,,,,,,,,,,,,,,,
pb1835,,,,,4,0.5,3.5,FR,,,,,,,,,,,,,,,,,,,,,,,,
pb1838,,,,,3,1,3,FR,,,,,,,,,,,,,,,,,,,,,,,,
pb1839,,,,,0.5,2.5,3.5,Ye,,,,,,,,,,,,,,,,,,,,,,,,
pb1840,,,,,4,1.5,3,FR,,,,,,,,,,,,,,,,,,,,,,,,
pb1843,,,,,3.5,0.5,3.5,FR,,,,,,,,,,,,,,,,,,,,,,,,
pb1844,,,,,3.5,1,3.5,FR,,,,,,,,,,,,,,,,,,,,,,,,
pb1846,,,,,4,1,3.5,FR,,,,,,,,,,,,,,,,,,,,,,,,
pb1847,,,,,4.5,0.5,3,FR,,,,,,,,,,,,,,,,,,,,,,,,
pb1848,,,,,4,0.5,4,FR,,,,,,,,,,,,,,,,,,,,,,,,
pb1850,,,,,4,1,3.5,FR,,,,,,,,,,,,,,,,,,,,,,,,
pb1857,,,,,3.5,2,3.5,FO,,,,,,,,,,,,,,,,,,,,,,,,
pb1860,,,,,4,1,3.5,FR,,,,,,,,,,,,,,,,,,,,,,,,
pb1914,,,,,3,1,3.5,FR,,,,,,,,,,,,,,,,,,,,,,,,
pb1915,,,,,3.5,1,3.5,FR,,,,,,,,,,,,,,,,,,,,,,,,
pb1941,,,,,3,1,4,FR,,,,,,,,,,,,,,,,,,,,,,,,
pb1943,,,,,4,1,3.5,FR,,,,,,,,,,,,,,,,,,,,,,,,
pb1945,,,,,3,1,3.5,FR,,,,,,,,,,,,,,,,,,,,,,,,
pb1946,,,,,3.5,2,3.5,FO,,,,,,,,,,,,,,,,,,,,,,,,
pb1947,,,,,3,0.5,3,FR,,,,,,,,,,,,,,,,,,,,,,,,
pb1948,,,,,3.5,1,3.5,FR,,,,,,,,,,,,,,,,,,,,,,,,
pb1949,,,,,1,0.5,1,Wh,,,,,,,,,,,,,,,,,,,,,,,,
pb1949,,,,,0.5,1,3.5,Wh,,,,,,,,,,,,,,,,,,,,,,,,
pb1951,,,,,0.5,1.5,2.5,Wh,,,,,,,,,,,,,,,,,,,,,,,,
pb1954,,,,,2,1,3.5,WR,,,,,,,,,,,,,,,,,,,,,,,,
pb1962,,,,,4,1,3.5,FR,,,,,,,,,,,,,,,,,,,,,,,,
pb1965,,,,,1.5,0.5,3.5,WR,,,,,,,,,,,,,,,,,,,,,,,,
pb2052,,,,,0.5,2.5,1,Ye,,,,,,,,,,,,,,,,,,,,,,,,
pb2182,,,,,0.5,2.5,1.5,Ye,,,,,,,,,,,,,,,,,,,,,,,,
pb2190,,,,,0.5,2.5,1.5,Ye,,,,,,,,,,,,,,,,,,,,,,,,
pb2191,,,,,1.5,2.5,3.5,WO,,,,,,,,,,,,,,,,,,,,,,,,
pb2194,,,,,0.5,2.5,2,Ye,,,,,,,,,,,,,,,,,,,,,,,,
pb2197,,,,,0.5,2.5,1.5,Ye,,,,,,,,,,,,,,,,,,,,,,,,
pb2198,,,,,1.5,2.5,2,WO,,,,,,,,,,,,,,,,,,,,,,,,
pb2295,,,,,0.5,2.5,2,Ye,,,,,,,,,,,,,,,,,,,,,,,,
pb2303,,,,,0.5,3,1.5,Ye,,,,,,,,,,,,,,,,,,,,,,,,
pb2307,,,,,4,1.5,3.5,FR,,,,,,,,,,,,,,,,,,,,,,,,
pb2311,,,,,0.5,2.5,1,Ye,,,,,,,,,,,,,,,,,,,,,,,,
pb2312,,,,,4,0.5,3,FR,,,,,,,,,,,,,,,,,,,,,,,,
pb2313,,,,,0.5,2.5,2.5,Ye,,,,,,,,,,,,,,,,,,,,,,,,
pb2316,,,,,2.5,2,4,WO,,,,,,,,,,,,,,,,,,,,,,,,
pb2318,,,,,0.5,3,1.5,Ye,,,,,,,,,,,,,,,,,,,,,,,,
pb2319,,,,,0.5,2.5,2.5,Ye,,,,,,,,,,,,,,,,,,,,,,,,
pb2320,,,,,4,1,3,FR,,,,,,,,,,,,,,,,,,,,,,,,
pb2321,,,,,3,1,4,FR,,,,,,,,,,,,,,,,,,,,,,,,
pb2327,,,,,0.5,2.5,1,Ye,,,,,,,,,,,,,,,,,,,,,,,,
pb2333,,,,,2,1,2.5,WR,,,,,,,,,,,,,,,,,,,,,,,,
pb2335,,,,,1,2.5,2.5,Ye,,,,,,,,,,,,,,,,,,,,,,,,
pb2337,,,,,3.5,1,3,FR,,,,,,,,,,,,,,,,,,,,,,,,
pb2340,,,,,4,0.5,1,FR,,,,,,,,,,,,,,,,,,,,,,,,
pb2342,,,,,0.5,2.5,1,Ye,,,,,,,,,,,,,,,,,,,,,,,,
pb2352,,,,,0.5,2.5,2.5,Ye,,,,,,,,,,,,,,,,,,,,,,,,
pb2360,,,,,0.5,2.5,2.5,Ye,,,,,,,,,,,,,,,,,,,,,,,,
pb2401,,,,,4,1,3,FR,,,,,,,,,,,,,,,,,,,,,,,,
pb2408,,,,,0.5,2.5,1.5,Ye,,,,,,,,,,,,,,,,,,,,,,,,
pb2410,,,,,0.5,2.5,2.5,Ye,,,,,,,,,,,,,,,,,,,,,,,,
pb2412,,,,,3,1,3.5,FR,,,,,,,,,,,,,,,,,,,,,,,,
pb2413,,,,,3,1,3.5,FR,,,,,,,,,,,,,,,,,,,,,,,,
pb2414,,,,,0.5,2.5,2.5,Ye,,,,,,,,,,,,,,,,,,,,,,,,
pb2417,,,,,0.5,2.5,1,Ye,,,,,,,,,,,,,,,,,,,,,,,,
pb2466,,,,,0.5,2.5,1.5,Ye,,,,,,,,,,,,,,,,,,,,,,,,
pb2524,,,,,2,2.5,1,WO,,,,,,,,,,,,,,,,,,,,,,,,
pb2536,,,,,2,1,3.5,WR,,,,,,,,,,,,,,,,,,,,,,,,
pb2539,,,,,2.5,2,3,WO,,,,,,,,,,,,,,,,,,,,,,,,
pb2542,,,,,3.5,0.5,3,FR,,,,,,,,,,,,,,,,,,,,,,,,
pb2543,,,,,4,2.5,1,FO,,,,,,,,,,,,,,,,,,,,,,,,
pb2547,,,,,4,1,3.5,FR,,,,,,,,,,,,,,,,,,,,,,,,
pb2549,,,,,,,,,,,,,,,,,,,,,,,,,,,,,,,,
pb2551,,,,,3,1.5,1.5,FR,,,,,,,,,,,,,,,,,,,,,,,,
pb2552,,,,,0.5,2,1,Ye,,,,,,,,,,,,,,,,,,,,,,,,
pb2555,,,,,0.5,0.5,1,Wh,,,,,,,,,,,,,,,,,,,,,,,,
pb2556,,,,,3,1,3,FR,,,,,,,,,,,,,,,,,,,,,,,,
pb2557,,,,,3,1,3.5,FR,,,,,,,,,,,,,,,,,,,,,,,,
pb2558,,,,,3,2.5,3,FO,,,,,,,,,,,,,,,,,,,,,,,,
pb2559,,,,,3,1,3.5,FR,,,,,,,,,,,,,,,,,,,,,,,,
pb2560,,,,,3,0.5,3.5,FR,,,,,,,,,,,,,,,,,,,,,,,,
pb2595,,,,,4,0.5,3.5,FR,,,,,,,,,,,,,,,,,,,,,,,,
pb2750,,,,,3.5,0.5,3,FR,,,,,,,,,,,,,,,,,,,,,,,,
pb2757,,,,,2.5,2,3,WO,,,,,,,,,,,,,,,,,,,,,,,,
pb2804,,,,,0.5,2.5,0.5,Ye,,,,,,,,,,,,,,,,,,,,,,,,
pb2808,,,,,3,1,3,FR,,,,,,,,,,,,,,,,,,,,,,,,
pb2820,,,,,0.5,2.5,1.5,Ye,,,,,,,,,,,,,,,,,,,,,,,,
pb2862,,,,,2.5,2.5,1.5,WO,,,,,,,,,,,,,,,,,,,,,,,,
pb2863,,,,,2,2,3.5,WO,,,,,,,,,,,,,,,,,,,,,,,,
pb2864,,,,,3,0.5,2,FR,,,,,,,,,,,,,,,,,,,,,,,,
pb2865,,,,,0.5,2.5,2.5,Ye,,,,,,,,,,,,,,,,,,,,,,,,
pb2866,,,,,3.5,0.5,3,FR,,,,,,,,,,,,,,,,,,,,,,,,
pb2867,,,,,3.5,0.5,3,FR,,,,,,,,,,,,,,,,,,,,,,,,
pb2868,,,,,2.5,2.5,3,WO,,,,,,,,,,,,,,,,,,,,,,,,
pb2869,,,,,3,1.5,1.5,FR,,,,,,,,,,,,,,,,,,,,,,,,
pb2871,,,,,3.5,0.5,3.5,FR,,,,,,,,,,,,,,,,,,,,,,,,
pb2872,,,,,2,1,2.5,WR,,,,,,,,,,,,,,,,,,,,,,,,
pb2873,,,,,0.5,2.5,1.5,Ye,,,,,,,,,,,,,,,,,,,,,,,,
pb2874,,,,,3,1.5,2.5,FR,,,,,,,,,,,,,,,,,,,,,,,,
pb2875,,,,,2,1,3,WR,,,,,,,,,,,,,,,,,,,,,,,,
pb2877,,,,,1,1,2,Wh,,,,,,,,,,,,,,,,,,,,,,,,
pb2879,,,,,3.5,2,3.5,FO,,,,,,,,,,,,,,,,,,,,,,,,
pb2880,,,,,4,1,3.5,FR,,,,,,,,,,,,,,,,,,,,,,,,
pb2906,,,,,3.5,2.5,3.5,FO,,,,,,,,,,,,,,,,,,,,,,,,
pb2907,,,,,3.5,0.5,3,FR,,,,,,,,,,,,,,,,,,,,,,,,
pb2910,,,,,1.5,2.5,2.5,WO,,,,,,,,,,,,,,,,,,,,,,,,
pb2911,,,,,0.5,2.5,3.5,Ye,,,,,,,,,,,,,,,,,,,,,,,,
pb2912,,,,,0.5,2.5,3,Ye,,,,,,,,,,,,,,,,,,,,,,,,
pb2914,,,,,1,1,2,Wh,,,,,,,,,,,,,,,,,,,,,,,,
pb2916,,,,,2,2.5,2,WO,,,,,,,,,,,,,,,,,,,,,,,,
pb2917,,,,,0.5,1.5,2.5,Wh,,,,,,,,,,,,,,,,,,,,,,,,
pb2919,,,,,2.5,1,4,WR,,,,,,,,,,,,,,,,,,,,,,,,
pb2943,,,,,3.5,1,3,FR,,,,,,,,,,,,,,,,,,,,,,,,
pb2944,,,,,3,1,3,FR,,,,,,,,,,,,,,,,,,,,,,,,
pb2945,,,,,3.5,1,3.5,FR,,,,,,,,,,,,,,,,,,,,,,,,
pb2946,,,,,3.5,0.5,3,FR,,,,,,,,,,,,,,,,,,,,,,,,
pb2948,,,,,3.5,0.5,3,FR,,,,,,,,,,,,,,,,,,,,,,,,
pb3303,,,,,3.5,0.5,3.5,FR,,,,,,,,,,,,,,,,,,,,,,,,
pb3304,,,,,4,0.5,3.5,FR,,,,,,,,,,,,,,,,,,,,,,,,
pb3306,,,,,4,0.5,3.5,FR,,,,,,,,,,,,,,,,,,,,,,,,
pb3308,,,,,3.5,0.5,3.5,FR,,,,,,,,,,,,,,,,,,,,,,,,
pb3311,,,,,3.5,1,3.5,FR,,,,,,,,,,,,,,,,,,,,,,,,
pb3312,,,,,3,0.5,4,FR,,,,,,,,,,,,,,,,,,,,,,,,
pb3313,,,,,3.5,1,3,FR,,,,,,,,,,,,,,,,,,,,,,,,
pb3316,,,,,4,1,3,FR,,,,,,,,,,,,,,,,,,,,,,,,
pb3317,,,,,3.5,0.5,3,FR,,,,,,,,,,,,,,,,,,,,,,,,
pb3318,,,,,3,0.5,3.5,FR,,,,,,,,,,,,,,,,,,,,,,,,
pb3320,,,,,2,1,1,WR,,,,,,,,,,,,,,,,,,,,,,,,
pb3343,,,,,3,0.5,3.5,FR,,,,,,,,,,,,,,,,,,,,,,,,
pb3346,,,,,3.5,0.5,3,FR,,,,,,,,,,,,,,,,,,,,,,,,
pb3354,,,,,0.5,2.5,3,Ye,,,,,,,,,,,,,,,,,,,,,,,,
pb3355,,,,,1,2.5,2,Ye,,,,,,,,,,,,,,,,,,,,,,,,
pb3356,,,,,2.5,1.5,3.5,WR,,,,,,,,,,,,,,,,,,,,,,,,
pb3357,,,,,3,0.5,2.5,FR,,,,,,,,,,,,,,,,,,,,,,,,
pb3363,,,,,0.5,3,1,Ye,,,,,,,,,,,,,,,,,,,,,,,,
pb3368,,,,,1.5,3,1,WO,,,,,,,,,,,,,,,,,,,,,,,,
pb3370,,,,,0.5,1,2,Wh,,,,,,,,,,,,,,,,,,,,,,,,
pb3373,,,,,0.5,2.5,1.5,Ye,,,,,,,,,,,,,,,,,,,,,,,,
pb3378,,,,,0.5,2.5,2.5,Ye,,,,,,,,,,,,,,,,,,,,,,,,
pb3382,,,,,1.5,2.5,3,WO,,,,,,,,,,,,,,,,,,,,,,,,
pb3386,,,,,0.5,2.5,1,Ye,,,,,,,,,,,,,,,,,,,,,,,,
pb3388,,,,,0.5,2.5,1.5,Ye,,,,,,,,,,,,,,,,,,,,,,,,
pb3391,,,,,0.5,2.5,3,Ye,,,,,,,,,,,,,,,,,,,,,,,,
pb3393,,,,,0.5,2,1,Ye,,,,,,,,,,,,,,,,,,,,,,,,
pb3400,,,,,0.5,2,1,Ye,,,,,,,,,,,,,,,,,,,,,,,,
pb3403,,,,,0.5,1,2.5,Wh,,,,,,,,,,,,,,,,,,,,,,,,
pb3405,,,,,2,2,2.5,WO,,,,,,,,,,,,,,,,,,,,,,,,
pb3407,,,,,3,1.5,3,FR,,,,,,,,,,,,,,,,,,,,,,,,
pb3408,,,,,3.5,2.5,3,FO,,,,,,,,,,,,,,,,,,,,,,,,
pb3409,,,,,,,,,,,,,,,,,,,,,,,,,,,,,,,,
pb3410,,,,,3,2.5,3,FO,,,,,,,,,,,,,,,,,,,,,,,,
pb3411,,,,,3.5,2.5,3,FO,,,,,,,,,,,,,,,,,,,,,,,,
pb3412,,,,,0.5,1,1,Wh,,,,,,,,,,,,,,,,,,,,,,,,
pb3414,,,,,,,,,,,,,,,,,,,,,,,,,,,,,,,,
pb3415,,,,,0.5,1,1.5,Wh,,,,,,,,,,,,,,,,,,,,,,,,
pb3417,,,,,0.5,2.5,1,Ye,,,,,,,,,,,,,,,,,,,,,,,,
pb3424,,,,,1,2.5,2,Ye,,,,,,,,,,,,,,,,,,,,,,,,
pb3425,,,,,0.5,2.5,1,Ye,,,,,,,,,,,,,,,,,,,,,,,,
pb3426,,,,,0.5,2.5,3,Ye,,,,,,,,,,,,,,,,,,,,,,,,
pb3430,,,,,1,2.5,3,Ye,,,,,,,,,,,,,,,,,,,,,,,,
pb3432,,,,,0.5,2.5,1,Ye,,,,,,,,,,,,,,,,,,,,,,,,
pb3434,,,,,0.5,2.5,2.5,Ye,,,,,,,,,,,,,,,,,,,,,,,,
pb3489,,,,,4,0.5,3,FR,,,,,,,,,,,,,,,,,,,,,,,,
pb3490,,,,,4,1,3.5,FR,,,,,,,,,,,,,,,,,,,,,,,,
pb3497,,,,,3.5,1,3,FR,,,,,,,,,,,,,,,,,,,,,,,,
pb3675,,,,,0.5,2.5,1,Ye,,,,,,,,,,,,,,,,,,,,,,,,
pb3677,,,,,1,2.5,3,Ye,,,,,,,,,,,,,,,,,,,,,,,,
pb3824,,,,,0.5,3,2.5,Ye,,,,,,,,,,,,,,,,,,,,,,,,
pb3826,,,,,0.5,2.5,0.5,Ye,,,,,,,,,,,,,,,,,,,,,,,,
pb3827,,,,,0.5,2.5,3,Ye,,,,,,,,,,,,,,,,,,,,,,,,
pb3828,,,,,3.5,2.5,3,FO,,,,,,,,,,,,,,,,,,,,,,,,
pb3829,,,,,0.5,1,2.5,Wh,,,,,,,,,,,,,,,,,,,,,,,,
pb3834,,,,,3.5,1,3,FR,,,,,,,,,,,,,,,,,,,,,,,,
pb3836,,,,,2.5,1,1,WR,,,,,,,,,,,,,,,,,,,,,,,,
pb3837,,,,,3,2.5,1.5,FO,,,,,,,,,,,,,,,,,,,,,,,,
pb3838,,,,,,,,,,,,,,,,,,,,,,,,,,,,,,,,
pb3839,,,,,3,0.5,3.5,FR,,,,,,,,,,,,,,,,,,,,,,,,
pb3845,,,,,4,1,3,FR,,,,,,,,,,,,,,,,,,,,,,,,
pb3850,,,,,4,1,3.5,FR,,,,,,,,,,,,,,,,,,,,,,,,
pb3882,,,,,3,1.5,,FR,,,,,,,,,,,,,,,,,,,,,,,,
pb3885,,,,,0.5,2.5,1.5,Ye,,,,,,,,,,,,,,,,,,,,,,,,
pb3886,,,,,3.5,0.5,3.5,FR,,,,,,,,,,,,,,,,,,,,,,,,
pb3887,,,,,3.5,1,3.5,FR,,,,,,,,,,,,,,,,,,,,,,,,
pb3888,,,,,2,2.5,3.5,WO,,,,,,,,,,,,,,,,,,,,,,,,
pb3889,,,,,4,1,3,FR,,,,,,,,,,,,,,,,,,,,,,,,
pb3890,,,,,2,2,3.5,WO,,,,,,,,,,,,,,,,,,,,,,,,
pb3891,,,,,0.5,2.5,3,Ye,,,,,,,,,,,,,,,,,,,,,,,,
pb3892,,,,,0.5,2.5,1,Ye,,,,,,,,,,,,,,,,,,,,,,,,
pb3893,,,,,3,2.5,3,FO,,,,,,,,,,,,,,,,,,,,,,,,
pb3894,,,,,1.5,0.5,3,WR,,,,,,,,,,,,,,,,,,,,,,,,
pb3896,,,,,0.5,0.5,3,Wh,,,,,,,,,,,,,,,,,,,,,,,,
pb3897,,,,,0.5,2,3.5,Ye,,,,,,,,,,,,,,,,,,,,,,,,
pb3898,,,,,0.5,2,2.5,Ye,,,,,,,,,,,,,,,,,,,,,,,,
pb3899,,,,,3.5,0.5,3.5,FR,,,,,,,,,,,,,,,,,,,,,,,,
pb4084,,,,,1.5,1,2,WR,,,,,,,,,,,,,,,,,,,,,,,,
pb4099,,,,,1,2.5,1,Ye,,,,,,,,,,,,,,,,,,,,,,,,
pb4102,,,,,0.5,2.5,3,Ye,,,,,,,,,,,,,,,,,,,,,,,,
pb4104,,,,,0.5,0.5,2.5,Wh,,,,,,,,,,,,,,,,,,,,,,,,
pb4108,,,,,3.5,0.5,3,FR,,,,,,,,,,,,,,,,,,,,,,,,
pb4113,,,,,0.5,2.5,1.5,Ye,,,,,,,,,,,,,,,,,,,,,,,,
pb4116,,,,,3.5,0.5,3.5,FR,,,,,,,,,,,,,,,,,,,,,,,,
pb4119,,,,,3.5,2,3,FO,,,,,,,,,,,,,,,,,,,,,,,,
pb4144,,,,,0.5,2.5,1,Ye,,,,,,,,,,,,,,,,,,,,,,,,
pb4169,,,,,4,1,3.5,FR,,,,,,,,,,,,,,,,,,,,,,,,
pb4170,,,,,4,0.5,3.5,FR,,,,,,,,,,,,,,,,,,,,,,,,
pb4180,,,,,2,0.5,2,WR,,,,,,,,,,,,,,,,,,,,,,,,
pb4214,,,,,4,0.5,3.5,FR,,,,,,,,,,,,,,,,,,,,,,,,
pb4284,,,,,,,,,,,,,,,,,,,,,,,,,,,,,,,,
pb4285,1.5,1,2.5,WR,2,1,2,WR,,,,,,,,,,,,,,,,,,,,,,,,
pb4286,,,,,,,,,,,,,,,,,,,,,,,,,,,,,,,,
pb4289,,,,,3.5,1.5,3,FR,,,,,,,,,,,,,,,,,,,,,,,,
pb4290,,,,,0.5,2,3,Ye,,,,,,,,,,,,,,,,,,,,,,,,
pb4292,,,,,0.5,2.5,2,Ye,,,,,,,,,,,,,,,,,,,,,,,,
pb4293,,,,,1,2.5,2,Ye,,,,,,,,,,,,,,,,,,,,,,,,
pb4294,,,,,3.5,2.5,3,FO,,,,,,,,,,,,,,,,,,,,,,,,
pb4295,,,,,3,2.5,3,FO,,,,,,,,,,,,,,,,,,,,,,,,
pb4296,,,,,3,1,3.5,FR,,,,,,,,,,,,,,,,,,,,,,,,
pb4297,,,,,3.5,2.5,3,FO,,,,,,,,,,,,,,,,,,,,,,,,
pb4298,,,,,0.5,3,1.5,Ye,,,,,,,,,,,,,,,,,,,,,,,,
pb4299,,,,,0.5,2,2,Ye,,,,,,,,,,,,,,,,,,,,,,,,
pb4300,,,,,3.5,1,3,FR,,,,,,,,,,,,,,,,,,,,,,,,
pb4301,,,,,0.5,2.5,1.5,Ye,,,,,,,,,,,,,,,,,,,,,,,,
pb4303,,,,,2,2.5,3.5,WO,,,,,,,,,,,,,,,,,,,,,,,,
pb4306,,,,,2.5,1,3.5,WR,,,,,,,,,,,,,,,,,,,,,,,,
pb4308,,,,,3,0.5,3.5,FR,,,,,,,,,,,,,,,,,,,,,,,,
pb4310,,,,,0.5,1,1.5,Wh,,,,,,,,,,,,,,,,,,,,,,,,
pb4311,,,,,2.5,1,3,WR,,,,,,,,,,,,,,,,,,,,,,,,
pb4313,,,,,0.5,2.5,1.5,Ye,,,,,,,,,,,,,,,,,,,,,,,,
pb4314,,,,,3,2.5,3.5,FO,,,,,,,,,,,,,,,,,,,,,,,,
pb4315,,,,,2,1,2,WR,,,,,,,,,,,,,,,,,,,,,,,,
pb4316,,,,,2,1,2,WR,,,,,,,,,,,,,,,,,,,,,,,,
pb4318,,,,,2.5,1,3.5,WR,,,,,,,,,,,,,,,,,,,,,,,,
pb4319,,,,,2.5,1,3,WR,,,,,,,,,,,,,,,,,,,,,,,,
pb4323,,,,,0.5,1,1.5,Wh,,,,,,,,,,,,,,,,,,,,,,,,
pb4324,,,,,3.5,1.5,3.5,FR,,,,,,,,,,,,,,,,,,,,,,,,
pb4329,0.5,1.5,2.5,Wh,,,,,,,,,,,,,,,,,,,,,,,,,,,,
pb4330,,,,,0.5,2.5,3,Ye,,,,,,,,,,,,,,,,,,,,,,,,
pb4331,,,,,0.5,2,1.5,Ye,,,,,,,,,,,,,,,,,,,,,,,,
pb4561,,,,,0.5,2,1.5,Ye,,,,,,,,,,,,,,,,,,,,,,,,
pb4562,,,,,3,0.5,3,FR,,,,,,,,,,,,,,,,,,,,,,,,
pb4563,,,,,0.5,1,1.5,Wh,,,,,,,,,,,,,,,,,,,,,,,,
pb4564,,,,,0.5,2.5,3.5,Ye,,,,,,,,,,,,,,,,,,,,,,,,
pb4565,,,,,1.5,1.5,2,WR,,,,,,,,,,,,,,,,,,,,,,,,
pb4566,,,,,2,2.5,2,WO,,,,,,,,,,,,,,,,,,,,,,,,
pb4567,,,,,3.5,0.5,3,FR,,,,,,,,,,,,,,,,,,,,,,,,
pb4568,,,,,0.5,1.5,1,Wh,,,,,,,,,,,,,,,,,,,,,,,,
pb4569,0.5,2.5,2.5,Ye,,,,,,,,,,,,,,,,,,,,,,,,,,,,
pb4570,,,,,3.5,0.5,3,FR,,,,,,,,,,,,,,,,,,,,,,,,
pb4572,,,,,3.5,1.5,3,FR,,,,,,,,,,,,,,,,,,,,,,,,
pb4574,,,,,0.5,3,1,Ye,,,,,,,,,,,,,,,,,,,,,,,,
pb4574,,,,,1,1,1.5,Wh,,,,,,,,,,,,,,,,,,,,,,,,
pb4575,,,,,3,2.5,3.5,FO,,,,,,,,,,,,,,,,,,,,,,,,
pb4576,,,,,1.5,2.5,2,WO,,,,,,,,,,,,,,,,,,,,,,,,
pb4578,,,,,0.5,2.5,1.5,Ye,,,,,,,,,,,,,,,,,,,,,,,,
pb4579,,,,,3.5,2,3.5,FO,,,,,,,,,,,,,,,,,,,,,,,,
pb4580,,,,,0.5,0.5,1.5,Wh,,,,,,,,,,,,,,,,,,,,,,,,
pb4593,,,,,3,1,3.5,FR,,,,,,,,,,,,,,,,,,,,,,,,
pb4701,,,,,3,0.5,3.5,FR,,,,,,,,,,,,,,,,,,,,,,,,
pb4702,,,,,3,0.5,3.5,FR,,,,,,,,,,,,,,,,,,,,,,,,
pb4703,,,,,3,1,1.5,FR,,,,,,,,,,,,,,,,,,,,,,,,
pb4704,,,,,0.5,3,2,Ye,,,,,,,,,,,,,,,,,,,,,,,,
pb4705,,,,,,,,,,,,,,,,,,,,,,,,,,,,,,,,
pb4707,,,,,0.5,2.5,2.5,Ye,,,,,,,,,,,,,,,,,,,,,,,,
pb4714,,,,,3,1,3,FR,,,,,,,,,,,,,,,,,,,,,,,,
pb4715,,,,,3,0.5,3.5,FR,,,,,,,,,,,,,,,,,,,,,,,,
pb4716,,,,,0.5,2.5,0.5,Ye,,,,,,,,,,,,,,,,,,,,,,,,
pb4717,,,,,2,1,2,WR,,,,,,,,,,,,,,,,,,,,,,,,
pb4718,,,,,1.5,1,1.5,WR,,,,,,,,,,,,,,,,,,,,,,,,
pb4841,,,,,0.5,3,1.5,Ye,,,,,,,,,,,,,,,,,,,,,,,,
pb4842,,,,,0.5,2.5,3,Ye,,,,,,,,,,,,,,,,,,,,,,,,
pb4843,,,,,0.5,0.5,2.5,Wh,,,,,,,,,,,,,,,,,,,,,,,,
pb4844,,,,,3.5,2.5,3.5,FO,,,,,,,,,,,,,,,,,,,,,,,,
pb4845,,,,,2,0.5,1.5,WR,,,,,,,,,,,,,,,,,,,,,,,,
pb4847,,,,,4.5,1,3,FR,,,,,,,,,,,,,,,,,,,,,,,,
pb4848,,,,,3.5,2.5,3.5,FO,,,,,,,,,,,,,,,,,,,,,,,,
pb4850,,,,,2.5,0.5,1.5,WR,,,,,,,,,,,,,,,,,,,,,,,,
pb4857,,,,,3,1,3,FR,,,,,,,,,,,,,,,,,,,,,,,,
pb4858,,,,,3.5,0.5,3,FR,,,,,,,,,,,,,,,,,,,,,,,,
pb4859,,,,,1.5,1,3,WR,,,,,,,,,,,,,,,,,,,,,,,,
S1803,,,,,,,,,,,,,,,,,,,,,,,,,,,,,,,,
S5237,,,,,,,,,,,,,,,,,,,,,,,,,,,,,,,,
T0082,,,,,,,,,,,,,,,,,,,,,,,,,,,,,1.5,2,1.5,WO
T0281,,,,,,,,,,,,,,,,,,,,,,,,,,,,,,,,
T1352,,,,,,,,,,,,,,,,,,,,,,,,,,,,,3.5,0.5,3,FR
V0574,,,,,,,,,,,,,,,,,,,,,,,,,4,1,3,FR,,,,
x3318,,,,,,,,,,,,,,,,,3.5,1.5,3.5,FR,,,,,,,,,,,,
x3327,,,,,,,,,,,,,,,,,3.5,1.5,3,FR,,,,,,,,,,,,
x3333,,,,,,,,,,,,,,,,,3.5,1,3,FR,,,,,,,,,,,,
x3394,,,,,,,,,,,,,,,,,3.5,1.5,3,FR,,,,,,,,,,,,
x4101,,,,,,,,,,,,,,,,,4,1,3,FR,,,,,,,,,,,,
x4102,,,,,,,,,,,,,,,,,4,1,4,FR,,,,,,,,,,,,
x4116,,,,,,,,,,,,,,,,,3,1,3.5,FR,,,,,,,,,,,,
x4128,,,,,,,,,,,,,,,,,0.5,2.5,1,Ye,,,,,,,,,,,,
x4129,,,,,,,,,,,,,,,,,0.5,2.5,2.5,Ye,,,,,,,,,,,,
x4134,,,,,,,,,,,,,,,,,0.5,2.5,1,Ye,,,,,,,,,,,,
x4137,,,,,,,,,,,,,,,,,0.5,2.5,3,Ye,,,,,,,,,,,,
x4140,,,,,,,,,,,,,,,,,0.5,2.5,3.5,Ye,,,,,,,,,,,,
x4148,,,,,,,,,,,,,,,,,0.5,2.5,0.5,Ye,,,,,,,,,,,,
x4149,,,,,,,,,,,,,,,,,0.5,2.5,0.5,Ye,,,,,,,,,,,,
x4150,,,,,,,,,,,,,,,,,0.5,2.5,1,Ye,,,,,,,,,,,,
x4153,,,,,,,,,,,,,,,,,0.5,2.5,1.5,Ye,,,,,,,,,,,,
x4155,,,,,,,,,,,,,,,,,0.5,2.5,1.5,Ye,,,,,,,,,,,,
x4158,,,,,,,,,,,,,,,,,0.5,2.5,3,Ye,,,,,,,,,,,,
x4159,,,,,,,,,,,,,,,,,0.5,2.5,1.5,Ye,,,,,,,,,,,,
x4161,,,,,,,,,,,,,,,,,3.5,1,3,FR,,,,,,,,,,,,
x4178,,,,,,,,,,,,,,,,,4,1,3,FR,,,,,,,,,,,,
x4359,,,,,,,,,,,,,,,,,4,1,3,FR,,,,,,,,,,,,
x4392,,,,,,,,,,,,,,,,,0.5,2.5,1,Ye,,,,,,,,,,,,
x4429,,,,,,,,,,,,,,,,,3.5,1,3.5,FR,,,,,,,,,,,,
x4459,,,,,,,,,,,,,,,,,4,1,3,FR,,,,,,,,,,,,
x4463,,,,,,,,,,,,,,,,,0.5,2.5,1,Ye,,,,,,,,,,,,
x4477,,,,,,,,,,,,,,,,,0.5,2.5,1,Ye,,,,,,,,,,,,
x4491,,,,,,,,,,,,,,,,,0.5,2.5,1,Ye,,,,,,,,,,,,
x4570,,,,,,,,,,,,,,,,,0.5,2.5,1,Ye,,,,,,,,,,,,
x4579,,,,,,,,,,,,,,,,,0.5,2.5,2.5,Ye,,,,,,,,,,,,
x4580,,,,,,,,,,,,,,,,,0.5,2.5,1,Ye,,,,,,,,,,,,
x4585,,,,,,,,,,,,,,,,,3.5,1,3.5,FR,,,,,,,,,,,,
x4593,,,,,,,,,,,,,,,,,4,1,3,FR,,,,,,,,,,,,
x4608,,,,,,,,,,,,,,,,,3.5,1,4,FR,,,,,,,,,,,,
x4624,,,,,,,,,,,,,,,,,3.5,1,3,FR,,,,,,,,,,,,
x4786,,,,,,,,,,,,,,,,,3,1.5,3.5,FR,,,,,,,,,,,,
x4837,,,,,,,,,,,,,,,,,3,1,3,FR,,,,,,,,,,,,
x4867,,,,,,,,,,,,,,,,,3.5,1.5,3,FR,,,,,,,,,,,,
y1916,,,,,,,,,,,,,,,,,,,,,,,,,,,,,,,,
y2016,,,,,2,0.5,1.5,WR,,,,,,,,,3,1,0.5,FR,,,,,,,,,,,,
y208,,,,,4,1,3,FR,,,,,,,,,,,,,,,,,,,,,,,,
z0035,,,,,,,,,,,,,2,1,2,WR,,,,,,,,,,,,,,,,
z0040,,,,,1.5,2.5,2,WO,,,,,2,2.5,2,WO,,,,,,,,,,,,,,,,
z0047,,,,,,,,,,,,,3,1,3,FR,,,,,,,,,,,,,,,,
z0050,,,,,,,,,,,,,1.5,1,2,WR,,,,,,,,,,,,,,,,
z0147,,,,,,,,,,,,,1,2.5,2.5,Ye,,,,,,,,,,,,,,,,
z0156,,,,,,,,,,,,,1.5,3,4,WO,,,,,,,,,,,,,,,,
z0169,,,,,,,,,,,,,0.5,3,1.5,Ye,,,,,,,,,,,,,,,,
z0191,,,,,0.5,1,1,Wh,,,,,0.5,1.5,1,Wh,,,,,,,,,,,,,,,,
z0204,,,,,,,,,,,,,2,1,3.5,WR,,,,,,,,,,,,,,,,
z0219,,,,,0.5,1,1.5,Wh,,,,,2,2,2,WO,,,,,,,,,,,,,,,,
z0347,,,,,,,,,,,,,0.5,2,1,Ye,,,,,,,,,,,,,,,,
z0403,,,,,,,,,,,,,1,2.5,2,Ye,,,,,,,,,,,,,,,,
z0455,,,,,1.5,2.5,3.5,WO,,,,,1.5,2.5,2.5,WO,,,,,,,,,,,,,,,,
z0464,,,,,1.5,2,3,WO,,,,,1,2.5,3.5,Ye,,,,,,,,,,,,,,,,
z0466,,,,,3.5,2.5,3,FO,,,,,3.5,2.5,4,FO,,,,,,,,,,,,,,,,
z0474,,,,,3.5,1,3.5,FR,,,,,3,1.5,4,FR,,,,,,,,,,,,,,,,
z0491,,,,,1.5,2.5,3,WO,,,,,1,3,3.5,Ye,,,,,,,,,,,,,,,,
z0511,,,,,4,2.5,3.5,FO,,,,,3.5,2.5,2.5,FO,,,,,,,,,,,,,,,,
z0550,,,,,,,,,,,,,3.5,2.5,4,FO,,,,,,,,,,,,,,,,
z0572,,,,,3,2.5,3.5,FO,,,,,2,2,2,WO,,,,,,,,,,,,,,,,
z0573,,,,,3.5,1.5,4,FR,,,,,4,2,3.5,FO,,,,,,,,,,,,,,,,
z0576,,,,,,,,,,,,,2,1.5,3.5,WR,,,,,,,,,,,,,,,,
z0704,,,,,,,,,,,,,3.5,1,4,FR,,,,,,,,,,,,,,,,
z0713,,,,,,,,,,,,,4,1,2.5,FR,,,,,,,,,,,,,,,,
z0715,,,,,,,,,,,,,3,2,3.5,FO,,,,,,,,,,,,,,,,
z0837,,,,,,,,,,,,,4,1,2,FR,,,,,,,,,,,,,,,,
z0847,,,,,,,,,,,,,0.5,3,2.5,Ye,,,,,,,,,,,,,,,,
z0852,,,,,,,,,,,,,0.5,3,2,Ye,,,,,,,,,,,,,,,,
z0854,,,,,,,,,,,,,0.5,3,0.5,Ye,,,,,,,,,,,,,,,,
z1062,,,,,0.5,2.5,2.5,Ye,,,,,3.5,1.5,3,FR,,,,,,,,,,,,,,,,
z1066,,,,,0.5,2.5,2.5,Ye,,,,,0.5,3,1,Ye,,,,,,,,,,,,,,,,
z1071,,,,,1.5,1.5,2.5,WR,,,,,2,2,2.5,WO,,,,,,,,,,,,,,,,
z1079,,,,,3,1,3.5,FR,,,,,3,1,3,FR,,,,,,,,,,,,,,,,
z1259,,,,,,,,,,,,,1.5,1.5,1,WR,,,,,,,,,,,,,,,,
z1403,,,,,,,,,,,,,1,2,3.5,Ye,,,,,,,,,,,,,,,,
z1441,,,,,,,,,,,,,2.5,1.5,3,WR,,,,,,,,,,,,,,,,
z1621,,,,,1.5,2.5,4,WO,,,,,1.5,3,2,WO,,,,,,,,,,,,,,,,
z1765,,,,,,,,,,,,,3,1,3.5,FR,,,,,,,,,,,,,,,,
z1778,,,,,,,,,,,,,4,1,3.5,FR,,,,,,,,,,,,,,,,
z1802,,,,,,,,,,,,,0.5,3,1,Ye,,,,,,,,,,,,,,,,
z1970,,,,,,,,,,,,,0.5,2,1.5,Ye,,,,,,,,,,,,,,,,
z2008,,,,,,,,,,,,,0.5,3,0.5,Ye,,,,,,,,,,,,,,,,
z2018,,,,,,,,,,,,,0.5,3,2.5,Ye,,,,,,,,,,,,,,,,
z2020,,,,,,,,,,,,,0.5,3,1,Ye,,,,,,,,,,,,,,,,
z2046,,,,,,,,,,,,,4,1.5,3.5,FR,,,,,,,,,,,,,,,,
z2100,,,,,,,,,,,,,3.5,2.5,3,FO,,,,,,,,,,,,,,,,
z2108,,,,,,,,,,,,,4,1.5,3,FR,,,,,,,,,,,,,,,,
z2281,,,,,,,,,,,,,4,1.5,3,FR,,,,,,,,,,,,,,,,
z2283,,,,,,,,,,,,,3.5,1.5,3,FR,,,,,,,,,,,,,,,,
z2286,,,,,,,,,,,,,3.5,1,3,FR,,,,,,,,,,,,,,,,
z2287,,,,,,,,,,,,,4,1,3.5,FR,,,,,,,,,,,,,,,,
z2290,,,,,,,,,,,,,4,1.5,3.5,FR,,,,,,,,,,,,,,,,
z2292,,,,,,,,,,,,,4,1.5,2.5,FR,,,,,,,,,,,,,,,,
z2293,,,,,,,,,,,,,4,1,3,FR,,,,,,,,,,,,,,,,
z2294,,,,,,,,,,,,,3,1.5,3.5,FR,,,,,,,,,,,,,,,,
z2295,,,,,,,,,,,,,4,1,3,FR,,,,,,,,,,,,,,,,
z2296,,,,,,,,,,,,,3.5,1.5,3,FR,,,,,,,,,,,,,,,,
z2298,,,,,,,,,,,,,4,1.5,4,FR,,,,,,,,,,,,,,,,
z2300,,,,,,,,,,,,,4,1,3,FR,,,,,,,,,,,,,,,,
z2706,,,,,,,,,,,,,0.5,3,1.5,Ye,,,,,,,,,,,,,,,,
z2711,,,,,,,,,,,,,0.5,3,1.5,Ye,,,,,,,,,,,,,,,,
z2983,,,,,2.5,1.5,1.5,WR,,,,,1.5,2,2.5,WO,,,,,,,,,,,,,,,,
z3021,,,,,,,,,,,,,1.5,1,1,WR,,,,,,,,,,,,,,,,
z3257,,,,,,,,,,,,,3,1,3.5,FR,,,,,,,,,,,,,,,,
z3891,,,,,,,,,,,,,0.5,3,1,Ye,,,,,,,,,,,,,,,,
z3987,,,,,,,,,,,,,0.5,3,1,Ye,,,,,,,,,,,,,,,,
z4584,,,,,3.5,2.5,3,FO,,,,,2,2,3,WO,,,,,,,,,,,,,,,,
z4710,,,,,,,,,,,,,4.5,1.5,3,FR,,,,,,,,,,,,,,,,
z4712,,,,,,,,,,,,,4,1.5,3.5,FR,,,,,,,,,,,,,,,,
z4758,,,,,,,,,,,,,0.5,3,1,Ye,,,,,,,,,,,,,,,,
z4783,,,,,,,,,,,,,0.5,3,1,Ye,,,,,,,,,,,,,,,,
z4793,,,,,,,,,,,,,0.5,3,2.5,Ye,,,,,,,,,,,,,,,,
z4797,,,,,,,,,,,,,0.5,1.5,1,Wh,,,,,,,,,,,,,,,,
z5444,,,,,,,,,,,,,0.5,3,1.5,Ye,,,,,,,,,,,,,,,,
z5451,,,,,,,,,,,,,0.5,2.5,1,Ye,,,,,,,,,,,,,,,,
